10;100.00%;16;sorri
10;100.00%;267;roast
10;100.00%;521;written
10;100.00%;537;beer
10;100.00%;547;deeper
10;100.00%;575;cano
10;100.00%;635;previous
10;100.00%;759;armi
10;100.00%;947;visit
10;100.00%;969;communist
10;100.00%;979;cat
10;100.00%;1008;actual
10;100.00%;1092;realist
10;100.00%;1133;mime
10;100.00%;1211;prospect
10;100.00%;1234;ideal
10;100.00%;1306;yield
10;100.00%;1444;moder
10;100.00%;1637;collid
10;100.00%;1768;strong
10;100.00%;1822;uncov
10;100.00%;1861;huge
10;100.00%;1902;egg
10;100.00%;1964;idea
10;100.00%;1967;heavi
10;100.00%;1983;difficulti
10;100.00%;2047;store
10;100.00%;2063;grew
10;100.00%;2110;salari
10;100.00%;2217;carniv
10;100.00%;2368;judgement
10;100.00%;2444;within
10;100.00%;2683;fetch
10;100.00%;2837;blown
10;100.00%;2855;attack
10;100.00%;2859;man
10;100.00%;2913;pakeha
10;100.00%;2921;highschool
10;100.00%;2942;frighten
10;100.00%;3044;instant
10;100.00%;3260;fear
10;100.00%;3266;tortur
10;100.00%;3325;evalu
10;100.00%;3371;pupil
9;90.00%;100;lavatori
9;90.00%;160;unjust
9;90.00%;225;incit
9;90.00%;233;appar
9;90.00%;324;restrict
9;90.00%;576;theatr
9;90.00%;619;inherit
9;90.00%;666;pavement
9;90.00%;711;unreason
9;90.00%;782;exist
9;90.00%;801;smell
9;90.00%;813;intent
9;90.00%;892;chicken
9;90.00%;997;council
9;90.00%;1022;date
9;90.00%;1223;breakfast
9;90.00%;1239;noth
9;90.00%;1280;fifth
9;90.00%;1319;seat
9;90.00%;1359;color
9;90.00%;1380;overjoy
9;90.00%;1517;manag
9;90.00%;1536;kmh
9;90.00%;1664;deliber
9;90.00%;1815;flat
9;90.00%;1947;pregnanc
9;90.00%;2012;excurs
9;90.00%;2166;convict
9;90.00%;2203;solv
9;90.00%;2338;exgirlfriend
9;90.00%;2390;consciou
9;90.00%;2431;page
9;90.00%;2503;invalid
9;90.00%;2571;eve
9;90.00%;2652;stage
9;90.00%;2713;panic
9;90.00%;2781;beneath
9;90.00%;2804;wich
9;90.00%;2839;scene
9;90.00%;2875;see
9;90.00%;2914;african
9;90.00%;2981;bear
9;90.00%;3067;ucb
9;90.00%;3088;partial
9;90.00%;3089;cheek
9;90.00%;3090;presenc
9;90.00%;3103;need
9;90.00%;3160;passeng
9;90.00%;3207;chico
8;80.00%;130;relat
8;80.00%;266;luca
8;80.00%;478;gentleman
8;80.00%;591;nazi
8;80.00%;661;specif
8;80.00%;748;way
8;80.00%;755;head
8;80.00%;1105;courag
8;80.00%;1336;blame
8;80.00%;1345;region
8;80.00%;1372;ultim
8;80.00%;1436;capabl
8;80.00%;1519;verbal
8;80.00%;1585;start
8;80.00%;1670;potenti
8;80.00%;1672;degrad
8;80.00%;1857;incom
8;80.00%;1858;sharp
8;80.00%;1868;anoth
8;80.00%;1930;return
8;80.00%;1949;achiev
8;80.00%;2048;assign
8;80.00%;2086;zero
8;80.00%;2120;slimi
8;80.00%;2278;error
8;80.00%;2312;moment
8;80.00%;2476;misbehaviour
8;80.00%;2518;wrongli
8;80.00%;2523;lane
8;80.00%;2610;sink
8;80.00%;2777;slide
8;80.00%;2902;unawar
8;80.00%;3189;burden
8;80.00%;3204;lose
8;80.00%;3223;oneself
8;80.00%;3278;scrap
7;70.00%;119;lorri
7;70.00%;342;murder
7;70.00%;557;catch
7;70.00%;686;guess
7;70.00%;923;fenc
7;70.00%;988;stream
7;70.00%;1076;disloy
7;70.00%;1215;argument
7;70.00%;1242;sure
7;70.00%;1275;bright
7;70.00%;1401;advantag
7;70.00%;1413;doctor
7;70.00%;1445;reliev
7;70.00%;1467;abrupt
7;70.00%;1548;refere
7;70.00%;1560;meal
7;70.00%;1595;enough
7;70.00%;1707;song
7;70.00%;1771;ecstat
7;70.00%;1793;inappropri
7;70.00%;2020;articl
7;70.00%;2153;indec
7;70.00%;2266;highest
7;70.00%;2285;readi
7;70.00%;2286;mistreat
7;70.00%;2288;rip
7;70.00%;2300;shorter
7;70.00%;2363;march
7;70.00%;2382;encount
7;70.00%;2550;estim
7;70.00%;2575;malici
7;70.00%;2631;nijmegen
7;70.00%;2776;sin
7;70.00%;2911;preliminari
7;70.00%;2976;satisfact
7;70.00%;3051;etc
7;70.00%;3126;probabl
7;70.00%;3213;hair
7;70.00%;3265;societi
7;70.00%;3281;lost
6;60.00%;11;consider
6;60.00%;25;everi
6;60.00%;122;music
6;60.00%;124;recommend
6;60.00%;196;lay
6;60.00%;350;peculiar
6;60.00%;424;nephew
6;60.00%;461;liquor
6;60.00%;556;child
6;60.00%;603;fuss
6;60.00%;612;supper
6;60.00%;743;happi
6;60.00%;851;flash
6;60.00%;882;round
6;60.00%;1026;repeat
6;60.00%;1131;envelop
6;60.00%;1160;one
6;60.00%;1225;saw
6;60.00%;1238;wonder
6;60.00%;1309;landlord
6;60.00%;1422;speech
6;60.00%;1507;towel
6;60.00%;1513;benefit
6;60.00%;1533;lend
6;60.00%;1551;found
6;60.00%;1631;girlfriend
6;60.00%;1641;event
6;60.00%;1688;corps
6;60.00%;1717;verg
6;60.00%;2060;rampant
6;60.00%;2184;matter
6;60.00%;2269;look
6;60.00%;2369;roommat
6;60.00%;2472;russian
6;60.00%;2512;shopkeep
6;60.00%;2584;reunion
6;60.00%;2710;crutch
6;60.00%;2716;swedish
6;60.00%;2805;defens
6;60.00%;2893;ventil
6;60.00%;2977;beat
6;60.00%;3029;centr
6;60.00%;3212;thief
6;60.00%;3267;assess
6;60.00%;3310;distract
6;60.00%;3320;display
6;60.00%;3336;squirrel
5;50.00%;383;anatomi
5;50.00%;396;coin
5;50.00%;587;precis
5;50.00%;588;growl
5;50.00%;720;patern
5;50.00%;734;bound
5;50.00%;758;forc
5;50.00%;765;heap
5;50.00%;810;poem
5;50.00%;919;teacher
5;50.00%;1029;stress
5;50.00%;1102;rock
5;50.00%;1150;neglect
5;50.00%;1209;tractor
5;50.00%;1220;rent
5;50.00%;1437;fruit
5;50.00%;1561;tumor
5;50.00%;1609;flirt
5;50.00%;1680;month
5;50.00%;1769;valu
5;50.00%;1811;inlaw
5;50.00%;1837;sudden
5;50.00%;1948;easili
5;50.00%;1973;orient
5;50.00%;2032;miss
5;50.00%;2067;remov
5;50.00%;2130;exactli
5;50.00%;2182;spiritu
5;50.00%;2232;throughout
5;50.00%;2246;woke
5;50.00%;2250;wish
5;50.00%;2306;conflict
5;50.00%;2513;athen
5;50.00%;2595;cell
5;50.00%;2613;implicit
5;50.00%;2659;sharpli
5;50.00%;2941;mistook
5;50.00%;3004;unfairli
5;50.00%;3087;kitchen
4;40.00%;76;specialist
4;40.00%;98;studi
4;40.00%;217;greec
4;40.00%;252;bang
4;40.00%;332;toy
4;40.00%;392;mouth
4;40.00%;428;despis
4;40.00%;447;bar
4;40.00%;515;compromis
4;40.00%;526;goodby
4;40.00%;538;much
4;40.00%;554;lift
4;40.00%;639;shout
4;40.00%;698;fog
4;40.00%;716;conceal
4;40.00%;746;reli
4;40.00%;794;flood
4;40.00%;835;chain
4;40.00%;906;pose
4;40.00%;928;queue
4;40.00%;936;extra
4;40.00%;949;abroad
4;40.00%;965;menstruat
4;40.00%;972;demolish
4;40.00%;1057;cold
4;40.00%;1141;flare
4;40.00%;1144;recov
4;40.00%;1146;place
4;40.00%;1153;oper
4;40.00%;1176;caught
4;40.00%;1198;foetu
4;40.00%;1216;slap
4;40.00%;1254;pair
4;40.00%;1293;nearli
4;40.00%;1376;hardli
4;40.00%;1389;lectur
4;40.00%;1402;soil
4;40.00%;1407;outrag
4;40.00%;1418;audienc
4;40.00%;1426;week
4;40.00%;1624;deep
4;40.00%;1654;teeth
4;40.00%;1726;sand
4;40.00%;1779;arent
4;40.00%;1881;resourc
4;40.00%;1888;blood
4;40.00%;1943;shop
4;40.00%;2188;particip
4;40.00%;2218;whole
4;40.00%;2271;scoundrel
4;40.00%;2377;collect
4;40.00%;2396;pet
4;40.00%;2400;pen
4;40.00%;2465;repeatedli
4;40.00%;2554;airplan
4;40.00%;2567;prefect
4;40.00%;2590;junior
4;40.00%;2621;climb
4;40.00%;2665;train
4;40.00%;2682;didnt
4;40.00%;2703;rape
4;40.00%;2816;parentsinlaw
4;40.00%;2919;eight
4;40.00%;2922;medal
4;40.00%;2946;intercolleg
4;40.00%;2956;locat
4;40.00%;2983;mum
4;40.00%;3062;toilet
4;40.00%;3113;oversea
4;40.00%;3122;began
4;40.00%;3153;choos
3;30.00%;5;four
3;30.00%;86;pleasur
3;30.00%;90;militari
3;30.00%;108;moral
3;30.00%;117;nine
3;30.00%;118;reprov
3;30.00%;123;calm
3;30.00%;155;mr
3;30.00%;179;point
3;30.00%;212;maintain
3;30.00%;254;housekeep
3;30.00%;255;interrupt
3;30.00%;278;spider
3;30.00%;356;project
3;30.00%;406;camp
3;30.00%;474;said
3;30.00%;512;countri
3;30.00%;532;nonsens
3;30.00%;546;regul
3;30.00%;549;mce
3;30.00%;585;sever
3;30.00%;614;butter
3;30.00%;700;condit
3;30.00%;704;conced
3;30.00%;805;intend
3;30.00%;806;trampl
3;30.00%;832;breadth
3;30.00%;898;melt
3;30.00%;962;drown
3;30.00%;974;car
3;30.00%;975;prepar
3;30.00%;981;wallet
3;30.00%;984;cal
3;30.00%;1028;classroom
3;30.00%;1032;conscious
3;30.00%;1065;torn
3;30.00%;1174;teenag
3;30.00%;1221;deliv
3;30.00%;1283;onli
3;30.00%;1313;skijump
3;30.00%;1369;boat
3;30.00%;1460;tip
3;30.00%;1542;knife
3;30.00%;1588;low
3;30.00%;1685;children
3;30.00%;1699;neglig
3;30.00%;1775;brutal
3;30.00%;1819;hundr
3;30.00%;1835;histori
3;30.00%;1847;buis
3;30.00%;2006;perhap
3;30.00%;2030;blank
3;30.00%;2043;statement
3;30.00%;2057;dentist
3;30.00%;2070;pullov
3;30.00%;2121;ugc
3;30.00%;2151;drunkard
3;30.00%;2319;lower
3;30.00%;2340;mom
3;30.00%;2425;wouldnt
3;30.00%;2630;wit
3;30.00%;2646;frog
3;30.00%;2660;babi
3;30.00%;2670;women
3;30.00%;2687;tap
3;30.00%;2724;notebook
3;30.00%;2867;accompani
3;30.00%;2899;rous
3;30.00%;2949;utter
3;30.00%;3025;progress
3;30.00%;3030;bleed
3;30.00%;3033;joy
3;30.00%;3049;drug
3;30.00%;3076;slowli
3;30.00%;3097;overturn
3;30.00%;3139;student
3;30.00%;3196;like
3;30.00%;3231;provoc
3;30.00%;3250;panel
3;30.00%;3295;agre
3;30.00%;3307;puddl
3;30.00%;3315;tini
3;30.00%;3327;dure
3;30.00%;3354;junk
3;30.00%;3369;rule
2;20.00%;10;hate
2;20.00%;30;tenni
2;20.00%;52;seper
2;20.00%;69;near
2;20.00%;137;adult
2;20.00%;166;overheard
2;20.00%;177;countrysid
2;20.00%;192;lump
2;20.00%;268;went
2;20.00%;285;saturday
2;20.00%;304;admitt
2;20.00%;322;rank
2;20.00%;359;guilt
2;20.00%;362;minut
2;20.00%;370;seem
2;20.00%;397;grave
2;20.00%;404;unpleas
2;20.00%;434;rich
2;20.00%;445;relish
2;20.00%;503;protect
2;20.00%;517;assur
2;20.00%;542;assult
2;20.00%;551;worker
2;20.00%;563;dissect
2;20.00%;637;interfer
2;20.00%;643;prison
2;20.00%;645;east
2;20.00%;654;shadow
2;20.00%;694;inhuman
2;20.00%;710;colleg
2;20.00%;777;tournament
2;20.00%;780;drive
2;20.00%;787;rough
2;20.00%;830;daili
2;20.00%;907;defici
2;20.00%;954;australian
2;20.00%;1034;favorit
2;20.00%;1047;cute
2;20.00%;1049;gradual
2;20.00%;1075;financi
2;20.00%;1124;factori
2;20.00%;1173;silent
2;20.00%;1207;nuisanc
2;20.00%;1292;stain
2;20.00%;1329;fight
2;20.00%;1356;among
2;20.00%;1383;motorbik
2;20.00%;1384;hypocrisi
2;20.00%;1451;workplac
2;20.00%;1500;awok
2;20.00%;1520;doll
2;20.00%;1540;unbeliev
2;20.00%;1552;throw
2;20.00%;1554;central
2;20.00%;1569;road
2;20.00%;1587;racist
2;20.00%;1626;strongli
2;20.00%;1634;film
2;20.00%;1648;poor
2;20.00%;1665;videotap
2;20.00%;1709;horror
2;20.00%;1723;appart
2;20.00%;1745;sue
2;20.00%;1889;pat
2;20.00%;1913;hell
2;20.00%;1955;ifk
2;20.00%;1968;oil
2;20.00%;2027;otherwis
2;20.00%;2046;disagr
2;20.00%;2066;gotten
2;20.00%;2098;reach
2;20.00%;2114;clean
2;20.00%;2116;think
2;20.00%;2183;learnt
2;20.00%;2191;flame
2;20.00%;2240;due
2;20.00%;2299;butcher
2;20.00%;2301;funni
2;20.00%;2327;cheer
2;20.00%;2339;violat
2;20.00%;2345;friendship
2;20.00%;2352;eager
2;20.00%;2438;fulfil
2;20.00%;2441;obstin
2;20.00%;2463;zealand
2;20.00%;2478;us
2;20.00%;2480;slander
2;20.00%;2490;repres
2;20.00%;2492;cure
2;20.00%;2510;trouser
2;20.00%;2583;accomod
2;20.00%;2592;wore
2;20.00%;2641;usa
2;20.00%;2694;luggag
2;20.00%;2733;light
2;20.00%;2775;tram
2;20.00%;2783;metr
2;20.00%;2788;thirteen
2;20.00%;2790;sexual
2;20.00%;2814;transfer
2;20.00%;2821;likelihood
2;20.00%;2827;unwant
2;20.00%;2835;intens
2;20.00%;2862;stomach
2;20.00%;2865;wildest
2;20.00%;2868;nobodi
2;20.00%;2869;blind
2;20.00%;2900;arm
2;20.00%;2933;determin
2;20.00%;2934;occasion
2;20.00%;2952;staff
2;20.00%;2984;werent
2;20.00%;3013;bibl
2;20.00%;3021;favor
2;20.00%;3036;goldmed
2;20.00%;3086;electr
2;20.00%;3174;citizen
2;20.00%;3222;librari
2;20.00%;3282;misjudg
2;20.00%;3286;individu
2;20.00%;3288;ghost
2;20.00%;3303;ha
2;20.00%;3318;problem
1;10.00%;3;foul
1;10.00%;6;protest
1;10.00%;8;asian
1;10.00%;12;whose
1;10.00%;23;worth
1;10.00%;28;rise
1;10.00%;33;affect
1;10.00%;34;meddl
1;10.00%;37;disturb
1;10.00%;38;prize
1;10.00%;42;wednesday
1;10.00%;53;direct
1;10.00%;55;consequ
1;10.00%;61;even
1;10.00%;64;hide
1;10.00%;65;christ
1;10.00%;70;asia
1;10.00%;77;abov
1;10.00%;78;men
1;10.00%;87;enrol
1;10.00%;91;k
1;10.00%;94;tv
1;10.00%;97;permit
1;10.00%;105;brought
1;10.00%;129;relax
1;10.00%;133;warn
1;10.00%;145;room
1;10.00%;152;wors
1;10.00%;156;im
1;10.00%;161;jesu
1;10.00%;171;motion
1;10.00%;174;turn
1;10.00%;204;third
1;10.00%;207;spous
1;10.00%;208;greet
1;10.00%;209;imposs
1;10.00%;213;green
1;10.00%;214;south
1;10.00%;228;offici
1;10.00%;244;fim
1;10.00%;245;anim
1;10.00%;248;safe
1;10.00%;257;silver
1;10.00%;262;meat
1;10.00%;265;choir
1;10.00%;276;enorm
1;10.00%;279;calmli
1;10.00%;281;fortnight
1;10.00%;284;ward
1;10.00%;298;nightmar
1;10.00%;299;situat
1;10.00%;302;standard
1;10.00%;303;rain
1;10.00%;305;christma
1;10.00%;314;bite
1;10.00%;325;wash
1;10.00%;328;thick
1;10.00%;330;primari
1;10.00%;333;acquaint
1;10.00%;340;selfcontrol
1;10.00%;344;took
1;10.00%;346;conserv
1;10.00%;349;crawl
1;10.00%;357;merci
1;10.00%;364;ran
1;10.00%;365;mind
1;10.00%;371;seminar
1;10.00%;377;overtook
1;10.00%;382;greatest
1;10.00%;384;blue
1;10.00%;386;germani
1;10.00%;387;elev
1;10.00%;395;drought
1;10.00%;402;excus
1;10.00%;403;unexplain
1;10.00%;409;hospit
1;10.00%;416;came
1;10.00%;418;bomb
1;10.00%;451;bad
1;10.00%;457;human
1;10.00%;466;respons
1;10.00%;483;finger
1;10.00%;504;accident
1;10.00%;508;ill
1;10.00%;525;assum
1;10.00%;528;speak
1;10.00%;541;basic
1;10.00%;544;threw
1;10.00%;555;alley
1;10.00%;567;calcul
1;10.00%;574;dizzi
1;10.00%;583;ie
1;10.00%;586;grown
1;10.00%;590;perform
1;10.00%;601;bacaus
1;10.00%;606;hang
1;10.00%;610;fairli
1;10.00%;618;drip
1;10.00%;620;contact
1;10.00%;623;mother
1;10.00%;627;left
1;10.00%;631;victim
1;10.00%;646;gave
1;10.00%;648;applic
1;10.00%;653;dreamt
1;10.00%;663;hunt
1;10.00%;668;hung
1;10.00%;670;indefin
1;10.00%;672;imagin
1;10.00%;674;dean
1;10.00%;678;deaf
1;10.00%;680;dead
1;10.00%;684;dear
1;10.00%;687;elderli
1;10.00%;688;southern
1;10.00%;690;ici
1;10.00%;703;hsc
1;10.00%;712;peer
1;10.00%;715;rebuk
1;10.00%;727;produc
1;10.00%;737;opportun
1;10.00%;756;form
1;10.00%;762;heat
1;10.00%;768;withdrew
1;10.00%;778;diagnosi
1;10.00%;779;textbook
1;10.00%;785;landladi
1;10.00%;788;brother
1;10.00%;790;interst
1;10.00%;795;nz
1;10.00%;797;test
1;10.00%;803;realiti
1;10.00%;808;devot
1;10.00%;809;felt
1;10.00%;811;diet
1;10.00%;818;grief
1;10.00%;825;ignor
1;10.00%;845;skid
1;10.00%;852;father
1;10.00%;853;trivial
1;10.00%;869;din
1;10.00%;877;p
1;10.00%;878;brothel
1;10.00%;889;cost
1;10.00%;908;guardian
1;10.00%;910;french
1;10.00%;911;agreement
1;10.00%;917;along
1;10.00%;930;healthi
1;10.00%;938;swerv
1;10.00%;939;visibl
1;10.00%;945;sake
1;10.00%;950;everybodi
1;10.00%;957;riot
1;10.00%;961;downtown
1;10.00%;968;effort
1;10.00%;973;suffoc
1;10.00%;986;heart
1;10.00%;987;favourit
1;10.00%;992;topic
1;10.00%;996;surround
1;10.00%;1019;birthday
1;10.00%;1024;maryhuana
1;10.00%;1025;grow
1;10.00%;1037;inform
1;10.00%;1038;switch
1;10.00%;1042;offend
1;10.00%;1045;offenc
1;10.00%;1053;discont
1;10.00%;1056;equip
1;10.00%;1060;froze
1;10.00%;1063;thank
1;10.00%;1064;passag
1;10.00%;1074;recal
1;10.00%;1078;sooner
1;10.00%;1085;curios
1;10.00%;1090;district
1;10.00%;1096;drop
1;10.00%;1108;bookshop
1;10.00%;1110;scienc
1;10.00%;1119;profit
1;10.00%;1137;care
1;10.00%;1139;departur
1;10.00%;1142;refus
1;10.00%;1147;husband
1;10.00%;1151;frequent
1;10.00%;1166;drove
1;10.00%;1167;open
1;10.00%;1171;thoughtless
1;10.00%;1175;imit
1;10.00%;1183;tragic
1;10.00%;1190;friend
1;10.00%;1196;enclos
1;10.00%;1202;serv
1;10.00%;1212;anf
1;10.00%;1218;say
1;10.00%;1227;mislead
1;10.00%;1228;doorbel
1;10.00%;1229;engin
1;10.00%;1230;advic
1;10.00%;1236;advis
1;10.00%;1241;begin
1;10.00%;1246;track
1;10.00%;1248;knew
1;10.00%;1252;assault
1;10.00%;1265;hungri
1;10.00%;1269;refriger
1;10.00%;1274;geographi
1;10.00%;1281;ground
1;10.00%;1291;black
1;10.00%;1294;variou
1;10.00%;1299;mope
1;10.00%;1302;reveal
1;10.00%;1308;stupid
1;10.00%;1321;sport
1;10.00%;1323;infinit
1;10.00%;1325;televis
1;10.00%;1326;innoc
1;10.00%;1328;across
1;10.00%;1341;come
1;10.00%;1360;finaci
1;10.00%;1364;exagger
1;10.00%;1378;mark
1;10.00%;1399;genuin
1;10.00%;1410;everyday
1;10.00%;1414;media
1;10.00%;1420;ethiopia
1;10.00%;1423;document
1;10.00%;1424;pal
1;10.00%;1425;pan
1;10.00%;1447;without
1;10.00%;1505;duti
1;10.00%;1508;oxygen
1;10.00%;1509;robberi
1;10.00%;1511;aunti
1;10.00%;1522;muscl
1;10.00%;1527;racial
1;10.00%;1529;bless
1;10.00%;1539;noisemak
1;10.00%;1547;sixth
1;10.00%;1555;greatli
1;10.00%;1562;degre
1;10.00%;1563;fell
1;10.00%;1565;neighbor
1;10.00%;1575;nurs
1;10.00%;1576;frieend
1;10.00%;1579;burglar
1;10.00%;1586;starv
1;10.00%;1590;strictli
1;10.00%;1593;bottl
1;10.00%;1597;younger
1;10.00%;1598;amongst
1;10.00%;1600;procedur
1;10.00%;1602;congratul
1;10.00%;1610;reprimand
1;10.00%;1618;ad
1;10.00%;1621;civo
1;10.00%;1622;pole
1;10.00%;1633;rearrang
1;10.00%;1639;puppi
1;10.00%;1642;tight
1;10.00%;1651;authoritarian
1;10.00%;1676;peolp
1;10.00%;1677;forbidden
1;10.00%;1683;follow
1;10.00%;1687;intellig
1;10.00%;1693;program
1;10.00%;1701;ta
1;10.00%;1705;diari
1;10.00%;1711;roe
1;10.00%;1724;list
1;10.00%;1730;bench
1;10.00%;1734;tea
1;10.00%;1736;past
1;10.00%;1740;unprepar
1;10.00%;1742;pass
1;10.00%;1750;abl
1;10.00%;1761;rehears
1;10.00%;1770;search
1;10.00%;1797;select
1;10.00%;1803;injuri
1;10.00%;1806;maltreat
1;10.00%;1807;massag
1;10.00%;1809;morn
1;10.00%;1820;spoilt
1;10.00%;1821;preciou
1;10.00%;1825;known
1;10.00%;1839;learn
1;10.00%;1845;shark
1;10.00%;1849;registr
1;10.00%;1862;cours
1;10.00%;1865;awkward
1;10.00%;1867;rather
1;10.00%;1903;feed
1;10.00%;1914;suffer
1;10.00%;1923;exchang
1;10.00%;1926;might
1;10.00%;1929;good
1;10.00%;1932;sentenc
1;10.00%;1935;wouldb
1;10.00%;1962;fish
1;10.00%;1965;terrifi
1;10.00%;1966;realli
1;10.00%;1982;hill
1;10.00%;1985;confidenti
1;10.00%;1988;friday
1;10.00%;1999;reproach
1;10.00%;2015;misl
1;10.00%;2050;relationship
1;10.00%;2072;asham
1;10.00%;2083;sell
1;10.00%;2087;trip
1;10.00%;2090;troublesom
1;10.00%;2104;reward
1;10.00%;2112;part
1;10.00%;2113;abnorm
1;10.00%;2125;session
1;10.00%;2135;discord
1;10.00%;2140;unhappi
1;10.00%;2141;ballet
1;10.00%;2143;headmast
1;10.00%;2146;nativ
1;10.00%;2152;sunni
1;10.00%;2158;selfesteem
1;10.00%;2163;certif
1;10.00%;2165;dump
1;10.00%;2167;overwhelm
1;10.00%;2189;bridg
1;10.00%;2195;piss
1;10.00%;2221;simpli
1;10.00%;2225;harbour
1;10.00%;2236;atmospher
1;10.00%;2238;stamp
1;10.00%;2242;miser
1;10.00%;2244;threaten
1;10.00%;2248;firm
1;10.00%;2254;fire
1;10.00%;2259;unnecessarili
1;10.00%;2261;partli
1;10.00%;2264;instructor
1;10.00%;2265;convers
1;10.00%;2272;straight
1;10.00%;2274;durat
1;10.00%;2277;behavior
1;10.00%;2293;chase
1;10.00%;2298;belong
1;10.00%;2321;els
1;10.00%;2328;motherinlaw
1;10.00%;2329;expens
1;10.00%;2334;tast
1;10.00%;2336;propos
1;10.00%;2341;telegram
1;10.00%;2349;promot
1;10.00%;2355;appli
1;10.00%;2356;snap
1;10.00%;2364;loss
1;10.00%;2376;earthquak
1;10.00%;2399;religion
1;10.00%;2404;mortuari
1;10.00%;2411;ba
1;10.00%;2416;bu
1;10.00%;2418;meantim
1;10.00%;2426;temper
1;10.00%;2434;idl
1;10.00%;2450;occupi
1;10.00%;2453;question
1;10.00%;2455;custom
1;10.00%;2457;includ
1;10.00%;2466;jewish
1;10.00%;2482;similar
1;10.00%;2488;stick
1;10.00%;2493;famin
1;10.00%;2497;spontan
1;10.00%;2502;water
1;10.00%;2506;transport
1;10.00%;2507;mock
1;10.00%;2511;tongu
1;10.00%;2517;cater
1;10.00%;2519;lent
1;10.00%;2527;oppress
1;10.00%;2529;involuntarili
1;10.00%;2533;essay
1;10.00%;2553;sens
1;10.00%;2557;parttim
1;10.00%;2562;heartattack
1;10.00%;2577;smaller
1;10.00%;2580;jump
1;10.00%;2586;odd
1;10.00%;2619;earli
1;10.00%;2634;limb
1;10.00%;2658;disgust
1;10.00%;2661;trait
1;10.00%;2666;rubbish
1;10.00%;2671;annoy
1;10.00%;2676;pour
1;10.00%;2681;meet
1;10.00%;2686;weaker
1;10.00%;2688;bent
1;10.00%;2690;process
1;10.00%;2692;halloween
1;10.00%;2701;skirt
1;10.00%;2711;forest
1;10.00%;2712;instead
1;10.00%;2719;attend
1;10.00%;2720;farm
1;10.00%;2722;wristwatch
1;10.00%;2738;chief
1;10.00%;2741;american
1;10.00%;2743;movi
1;10.00%;2745;whilst
1;10.00%;2749;superior
1;10.00%;2750;till
1;10.00%;2758;filthi
1;10.00%;2762;crash
1;10.00%;2768;mention
1;10.00%;2772;day
1;10.00%;2786;tension
1;10.00%;2789;disco
1;10.00%;2800;mate
1;10.00%;2803;rel
1;10.00%;2811;insid
1;10.00%;2820;embarrass
1;10.00%;2828;could
1;10.00%;2830;keen
1;10.00%;2842;owner
1;10.00%;2850;accent
1;10.00%;2857;termin
1;10.00%;2863;gear
1;10.00%;2878;claim
1;10.00%;2881;seriou
1;10.00%;2915;whi
1;10.00%;2927;gather
1;10.00%;2928;upset
1;10.00%;2936;away
1;10.00%;2947;bring
1;10.00%;2950;molest
1;10.00%;2967;misdiagnos
1;10.00%;2968;fuel
1;10.00%;2974;meant
1;10.00%;2985;sisterinlaw
1;10.00%;2996;possibl
1;10.00%;2999;integr
1;10.00%;3003;view
1;10.00%;3011;latin
1;10.00%;3026;neither
1;10.00%;3028;bought
1;10.00%;3032;exam
1;10.00%;3034;sorrow
1;10.00%;3041;group
1;10.00%;3045;career
1;10.00%;3054;admir
1;10.00%;3055;committe
1;10.00%;3060;co
1;10.00%;3064;tuesday
1;10.00%;3075;quit
1;10.00%;3081;shame
1;10.00%;3082;tutor
1;10.00%;3084;besid
1;10.00%;3104;nd
1;10.00%;3110;file
1;10.00%;3114;site
1;10.00%;3116;thug
1;10.00%;3120;steer
1;10.00%;3125;underground
1;10.00%;3144;lunch
1;10.00%;3150;thought
1;10.00%;3161;obtain
1;10.00%;3166;episod
1;10.00%;3170;drunk
1;10.00%;3179;candid
1;10.00%;3180;sick
1;10.00%;3182;gossip
1;10.00%;3206;soft
1;10.00%;3210;revers
1;10.00%;3215;contin
1;10.00%;3218;flush
1;10.00%;3219;proper
1;10.00%;3230;lean
1;10.00%;3235;disbeliev
1;10.00%;3237;leader
1;10.00%;3238;hinder
1;10.00%;3239;encourag
1;10.00%;3242;worthi
1;10.00%;3259;justif
1;10.00%;3264;absolut
1;10.00%;3272;esteem
1;10.00%;3273;awhil
1;10.00%;3274;couldnt
1;10.00%;3287;function
1;10.00%;3289;cricket
1;10.00%;3292;interest
1;10.00%;3302;overflow
1;10.00%;3305;count
1;10.00%;3308;whether
1;10.00%;3319;dame
1;10.00%;3323;reciproc
1;10.00%;3330;twist
1;10.00%;3331;novemb
1;10.00%;3332;inn
1;10.00%;3340;contest
1;10.00%;3350;wing
1;10.00%;3357;monday
1;10.00%;3362;basketbal
1;10.00%;3363;cliff
1;10.00%;3365;spectacl
1;10.00%;3370;emerg
0;0.00%;1;candidatur
0;0.00%;2;hatr
0;0.00%;4;poorli
0;0.00%;7;sleep
0;0.00%;9;oldest
0;0.00%;13;accus
0;0.00%;14;educ
0;0.00%;15;swam
0;0.00%;17;scold
0;0.00%;18;descript
0;0.00%;19;bike
0;0.00%;20;certain
0;0.00%;21;lord
0;0.00%;22;pride
0;0.00%;24;suitabl
0;0.00%;26;risk
0;0.00%;27;blanket
0;0.00%;29;voic
0;0.00%;31;arous
0;0.00%;32;govern
0;0.00%;35;senil
0;0.00%;36;special
0;0.00%;39;flatmat
0;0.00%;40;wooden
0;0.00%;41;pinch
0;0.00%;43;flute
0;0.00%;44;correct
0;0.00%;45;faec
0;0.00%;46;red
0;0.00%;47;servic
0;0.00%;48;enjoy
0;0.00%;49;erron
0;0.00%;50;rustl
0;0.00%;51;naiv
0;0.00%;54;nail
0;0.00%;56;second
0;0.00%;57;street
0;0.00%;58;semest
0;0.00%;59;overdu
0;0.00%;60;kidnap
0;0.00%;62;supervis
0;0.00%;63;captain
0;0.00%;66;neg
0;0.00%;67;amus
0;0.00%;68;asid
0;0.00%;71;conduct
0;0.00%;72;new
0;0.00%;73;ever
0;0.00%;74;liberti
0;0.00%;75;told
0;0.00%;79;lodg
0;0.00%;80;drew
0;0.00%;81;met
0;0.00%;82;punch
0;0.00%;83;china
0;0.00%;84;dorm
0;0.00%;85;brigad
0;0.00%;88;unjustifi
0;0.00%;89;daughter
0;0.00%;92;loos
0;0.00%;93;dri
0;0.00%;95;harass
0;0.00%;96;smoke
0;0.00%;99;tremend
0;0.00%;101;volunt
0;0.00%;102;newspap
0;0.00%;103;reagan
0;0.00%;104;seven
0;0.00%;106;attitud
0;0.00%;107;garag
0;0.00%;109;hindsight
0;0.00%;110;total
0;0.00%;111;angrili
0;0.00%;112;unit
0;0.00%;113;highli
0;0.00%;114;overhear
0;0.00%;115;spoke
0;0.00%;116;would
0;0.00%;120;insult
0;0.00%;121;concret
0;0.00%;125;strike
0;0.00%;126;rattl
0;0.00%;127;tell
0;0.00%;128;relay
0;0.00%;131;notic
0;0.00%;132;hurt
0;0.00%;134;glass
0;0.00%;135;warm
0;0.00%;136;grandfath
0;0.00%;138;hole
0;0.00%;139;hold
0;0.00%;140;pot
0;0.00%;141;must
0;0.00%;142;shoot
0;0.00%;143;accid
0;0.00%;144;join
0;0.00%;146;henri
0;0.00%;147;tb
0;0.00%;148;work
0;0.00%;149;worm
0;0.00%;150;roof
0;0.00%;151;locker
0;0.00%;153;introduc
0;0.00%;154;postgradu
0;0.00%;157;transgress
0;0.00%;158;quarrel
0;0.00%;159;give
0;0.00%;162;india
0;0.00%;163;indic
0;0.00%;164;cautiou
0;0.00%;165;defec
0;0.00%;167;want
0;0.00%;168;basebal
0;0.00%;169;honest
0;0.00%;170;attract
0;0.00%;172;end
0;0.00%;173;santand
0;0.00%;175;polic
0;0.00%;176;travel
0;0.00%;178;classifi
0;0.00%;180;ceremoni
0;0.00%;181;fals
0;0.00%;182;hot
0;0.00%;183;disappear
0;0.00%;184;answer
0;0.00%;185;gate
0;0.00%;186;beach
0;0.00%;187;polit
0;0.00%;188;recogn
0;0.00%;189;mess
0;0.00%;190;chines
0;0.00%;191;earlier
0;0.00%;193;less
0;0.00%;194;badli
0;0.00%;195;wrong
0;0.00%;197;beauti
0;0.00%;198;law
0;0.00%;199;lap
0;0.00%;200;demonstr
0;0.00%;201;crap
0;0.00%;202;principl
0;0.00%;203;domin
0;0.00%;205;helsinki
0;0.00%;206;revolt
0;0.00%;210;detent
0;0.00%;211;receiv
0;0.00%;215;enter
0;0.00%;216;exclus
0;0.00%;218;order
0;0.00%;219;wind
0;0.00%;220;wine
0;0.00%;221;origin
0;0.00%;222;carnav
0;0.00%;223;composit
0;0.00%;224;feedback
0;0.00%;226;diagnos
0;0.00%;227;consent
0;0.00%;229;fall
0;0.00%;230;becaus
0;0.00%;231;privileg
0;0.00%;232;incid
0;0.00%;234;hook
0;0.00%;235;video
0;0.00%;236;fit
0;0.00%;237;fix
0;0.00%;238;better
0;0.00%;239;offic
0;0.00%;240;fade
0;0.00%;241;persist
0;0.00%;242;hidden
0;0.00%;243;inconsider
0;0.00%;246;therapi
0;0.00%;247;woken
0;0.00%;249;school
0;0.00%;250;break
0;0.00%;251;band
0;0.00%;253;promis
0;0.00%;256;sixteen
0;0.00%;258;bank
0;0.00%;259;bread
0;0.00%;260;rumour
0;0.00%;261;gloom
0;0.00%;263;arrog
0;0.00%;264;hemorrhag
0;0.00%;269;oblig
0;0.00%;270;side
0;0.00%;271;mean
0;0.00%;272;prohibit
0;0.00%;273;hitchhik
0;0.00%;274;expuls
0;0.00%;275;colleagu
0;0.00%;277;unscrew
0;0.00%;280;taught
0;0.00%;282;forgot
0;0.00%;283;dawn
0;0.00%;286;whip
0;0.00%;287;hostel
0;0.00%;288;depress
0;0.00%;289;goe
0;0.00%;290;god
0;0.00%;291;tonsil
0;0.00%;292;content
0;0.00%;293;fellowship
0;0.00%;294;adapt
0;0.00%;295;got
0;0.00%;296;worthwhil
0;0.00%;297;rail
0;0.00%;300;sheer
0;0.00%;301;free
0;0.00%;306;allerg
0;0.00%;307;ate
0;0.00%;308;sunshin
0;0.00%;309;suburb
0;0.00%;310;lout
0;0.00%;311;unabl
0;0.00%;312;startl
0;0.00%;313;confus
0;0.00%;315;suppos
0;0.00%;316;fantasi
0;0.00%;317;rang
0;0.00%;318;grade
0;0.00%;319;trembl
0;0.00%;320;independ
0;0.00%;321;wast
0;0.00%;323;necess
0;0.00%;326;instruct
0;0.00%;327;naughti
0;0.00%;329;ditch
0;0.00%;331;bitten
0;0.00%;334;top
0;0.00%;335;sometim
0;0.00%;336;sarcast
0;0.00%;337;master
0;0.00%;338;cassett
0;0.00%;339;john
0;0.00%;341;listen
0;0.00%;343;escort
0;0.00%;345;somewhat
0;0.00%;347;happili
0;0.00%;348;furlough
0;0.00%;351;silli
0;0.00%;352;provid
0;0.00%;353;hike
0;0.00%;354;tree
0;0.00%;355;hors
0;0.00%;358;anxieti
0;0.00%;360;cruelli
0;0.00%;361;iron
0;0.00%;363;fashion
0;0.00%;366;mine
0;0.00%;367;rat
0;0.00%;368;manner
0;0.00%;369;seen
0;0.00%;372;dozen
0;0.00%;373;irrevoc
0;0.00%;374;person
0;0.00%;375;especi
0;0.00%;376;snow
0;0.00%;378;guineapig
0;0.00%;379;chess
0;0.00%;380;pop
0;0.00%;381;thoroughli
0;0.00%;385;crippl
0;0.00%;388;shall
0;0.00%;389;object
0;0.00%;390;unknowingli
0;0.00%;391;volleybal
0;0.00%;393;addict
0;0.00%;394;letter
0;0.00%;398;glow
0;0.00%;399;tradit
0;0.00%;400;broadcast
0;0.00%;401;singer
0;0.00%;405;professor
0;0.00%;407;metal
0;0.00%;408;dog
0;0.00%;410;freeway
0;0.00%;411;declar
0;0.00%;412;aunt
0;0.00%;413;tens
0;0.00%;414;detriment
0;0.00%;415;scream
0;0.00%;417;beaten
0;0.00%;419;impolit
0;0.00%;420;opposit
0;0.00%;421;openli
0;0.00%;422;radio
0;0.00%;423;poison
0;0.00%;425;involv
0;0.00%;426;despit
0;0.00%;427;joyou
0;0.00%;429;explain
0;0.00%;430;restaur
0;0.00%;431;sugar
0;0.00%;432;bush
0;0.00%;433;busi
0;0.00%;435;mend
0;0.00%;436;plate
0;0.00%;437;seclud
0;0.00%;438;nasti
0;0.00%;439;stop
0;0.00%;440;fluid
0;0.00%;441;coast
0;0.00%;442;pocket
0;0.00%;443;report
0;0.00%;444;happiest
0;0.00%;446;earn
0;0.00%;448;piggi
0;0.00%;449;bay
0;0.00%;450;bag
0;0.00%;452;egoist
0;0.00%;453;septemb
0;0.00%;454;steal
0;0.00%;455;respond
0;0.00%;456;blew
0;0.00%;458;fair
0;0.00%;459;habit
0;0.00%;460;dustbin
0;0.00%;462;beg
0;0.00%;463;resist
0;0.00%;464;unworthi
0;0.00%;465;result
0;0.00%;467;fail
0;0.00%;468;christian
0;0.00%;469;inadvertantli
0;0.00%;470;shill
0;0.00%;471;best
0;0.00%;472;subject
0;0.00%;473;awar
0;0.00%;475;onto
0;0.00%;476;crosscountri
0;0.00%;477;sail
0;0.00%;479;yet
0;0.00%;480;mud
0;0.00%;481;figur
0;0.00%;482;score
0;0.00%;484;mchesi
0;0.00%;485;awak
0;0.00%;486;drawn
0;0.00%;487;approach
0;0.00%;488;inabl
0;0.00%;489;lazy
0;0.00%;490;never
0;0.00%;491;wa
0;0.00%;492;lover
0;0.00%;493;weak
0;0.00%;494;boss
0;0.00%;495;lazi
0;0.00%;496;wear
0;0.00%;497;extent
0;0.00%;498;intox
0;0.00%;499;news
0;0.00%;500;roller
0;0.00%;501;weari
0;0.00%;502;unfound
0;0.00%;505;expos
0;0.00%;506;cow
0;0.00%;507;fault
0;0.00%;509;piti
0;0.00%;510;misunderstand
0;0.00%;511;shopassist
0;0.00%;513;uncertainti
0;0.00%;514;epilept
0;0.00%;516;suggest
0;0.00%;518;vain
0;0.00%;519;coconut
0;0.00%;520;height
0;0.00%;522;shortcut
0;0.00%;523;path
0;0.00%;524;guid
0;0.00%;527;hitler
0;0.00%;529;sensat
0;0.00%;530;bathroom
0;0.00%;531;reveng
0;0.00%;533;union
0;0.00%;534;fri
0;0.00%;535;three
0;0.00%;536;accumul
0;0.00%;539;interpret
0;0.00%;540;stadium
0;0.00%;543;hesit
0;0.00%;545;life
0;0.00%;548;spit
0;0.00%;550;dismiss
0;0.00%;552;bladder
0;0.00%;553;ani
0;0.00%;558;deepen
0;0.00%;559;overtak
0;0.00%;560;traumat
0;0.00%;561;physician
0;0.00%;562;ident
0;0.00%;564;properti
0;0.00%;565;air
0;0.00%;566;employ
0;0.00%;568;marriag
0;0.00%;569;thrash
0;0.00%;570;aid
0;0.00%;571;vagu
0;0.00%;572;anymor
0;0.00%;573;stink
0;0.00%;577;tabl
0;0.00%;578;ii
0;0.00%;579;player
0;0.00%;580;cant
0;0.00%;581;brake
0;0.00%;582;succed
0;0.00%;584;id
0;0.00%;589;prior
0;0.00%;592;make
0;0.00%;593;wound
0;0.00%;594;amount
0;0.00%;595;blantyr
0;0.00%;596;complex
0;0.00%;597;split
0;0.00%;598;jungl
0;0.00%;599;complet
0;0.00%;600;wheel
0;0.00%;602;raid
0;0.00%;604;swell
0;0.00%;605;social
0;0.00%;607;evil
0;0.00%;608;hand
0;0.00%;609;delight
0;0.00%;611;rais
0;0.00%;613;kid
0;0.00%;615;hearti
0;0.00%;616;kept
0;0.00%;617;thu
0;0.00%;621;wherebi
0;0.00%;622;thi
0;0.00%;624;programm
0;0.00%;625;everyth
0;0.00%;626;campu
0;0.00%;628;unfair
0;0.00%;629;mid
0;0.00%;630;psych
0;0.00%;632;sleepi
0;0.00%;633;impregn
0;0.00%;634;languag
0;0.00%;636;easi
0;0.00%;638;brisban
0;0.00%;640;spread
0;0.00%;641;minibu
0;0.00%;642;board
0;0.00%;644;cherri
0;0.00%;647;opt
0;0.00%;649;mayb
0;0.00%;650;preserv
0;0.00%;651;leagu
0;0.00%;652;birth
0;0.00%;655;burnt
0;0.00%;656;athlet
0;0.00%;657;apart
0;0.00%;658;shoulder
0;0.00%;659;measur
0;0.00%;660;gift
0;0.00%;662;cool
0;0.00%;664;dishonest
0;0.00%;665;remind
0;0.00%;667;night
0;0.00%;669;oncom
0;0.00%;671;unnecessari
0;0.00%;673;right
0;0.00%;675;crowd
0;0.00%;676;vigor
0;0.00%;677;flatter
0;0.00%;679;somehow
0;0.00%;681;born
0;0.00%;682;intern
0;0.00%;683;stepmoth
0;0.00%;685;bore
0;0.00%;689;fot
0;0.00%;691;cooper
0;0.00%;692;bottom
0;0.00%;693;stronger
0;0.00%;695;princip
0;0.00%;696;ice
0;0.00%;697;eleph
0;0.00%;699;overcom
0;0.00%;701;overcook
0;0.00%;702;drink
0;0.00%;705;peel
0;0.00%;706;insecur
0;0.00%;707;burn
0;0.00%;708;confer
0;0.00%;709;doesnt
0;0.00%;713;post
0;0.00%;714;describ
0;0.00%;717;abdomin
0;0.00%;718;slightli
0;0.00%;719;choke
0;0.00%;721;unfortun
0;0.00%;722;trophi
0;0.00%;723;festiv
0;0.00%;724;dinner
0;0.00%;725;afternoon
0;0.00%;726;commit
0;0.00%;728;abus
0;0.00%;729;bath
0;0.00%;730;telephon
0;0.00%;731;schhol
0;0.00%;732;curiou
0;0.00%;733;profession
0;0.00%;735;son
0;0.00%;736;d
0;0.00%;738;cafeteria
0;0.00%;739;deal
0;0.00%;740;suffici
0;0.00%;741;frustrat
0;0.00%;742;support
0;0.00%;744;avail
0;0.00%;745;stuck
0;0.00%;747;fought
0;0.00%;749;spring
0;0.00%;750;call
0;0.00%;751;constantli
0;0.00%;752;jealousi
0;0.00%;753;war
0;0.00%;754;lowest
0;0.00%;757;offer
0;0.00%;760;undress
0;0.00%;761;cottag
0;0.00%;763;hear
0;0.00%;764;bach
0;0.00%;766;TRUE
0;0.00%;767;absent
0;0.00%;769;type
0;0.00%;770;aphasia
0;0.00%;771;absenc
0;0.00%;772;retir
0;0.00%;773;adopt
0;0.00%;774;undeservedli
0;0.00%;775;kilometr
0;0.00%;776;request
0;0.00%;781;brightli
0;0.00%;783;door
0;0.00%;784;ship
0;0.00%;786;dealer
0;0.00%;789;floor
0;0.00%;791;stake
0;0.00%;792;excel
0;0.00%;793;actor
0;0.00%;796;role
0;0.00%;798;syjc
0;0.00%;799;unwilling
0;0.00%;800;depot
0;0.00%;802;roll
0;0.00%;804;notif
0;0.00%;807;handicap
0;0.00%;812;journey
0;0.00%;814;award
0;0.00%;815;consid
0;0.00%;816;entrust
0;0.00%;817;weekend
0;0.00%;819;femal
0;0.00%;820;skunk
0;0.00%;821;longer
0;0.00%;822;potato
0;0.00%;823;carriag
0;0.00%;824;vietnam
0;0.00%;826;time
0;0.00%;827;push
0;0.00%;828;serious
0;0.00%;829;backward
0;0.00%;831;soror
0;0.00%;833;coach
0;0.00%;834;classmat
0;0.00%;836;brotherinlaw
0;0.00%;837;rob
0;0.00%;838;consum
0;0.00%;839;eldest
0;0.00%;840;invent
0;0.00%;841;mild
0;0.00%;842;skate
0;0.00%;843;skin
0;0.00%;844;chair
0;0.00%;846;row
0;0.00%;847;decid
0;0.00%;848;middl
0;0.00%;849;depend
0;0.00%;850;system
0;0.00%;854;environment
0;0.00%;855;cheat
0;0.00%;856;certainli
0;0.00%;857;decis
0;0.00%;858;fuvest
0;0.00%;859;terror
0;0.00%;860;sociolog
0;0.00%;861;sourc
0;0.00%;862;unfamiliar
0;0.00%;863;kitten
0;0.00%;864;cook
0;0.00%;865;ma
0;0.00%;866;exact
0;0.00%;867;insignific
0;0.00%;868;drag
0;0.00%;870;valuabl
0;0.00%;871;administr
0;0.00%;872;level
0;0.00%;873;tear
0;0.00%;874;teas
0;0.00%;875;reconcil
0;0.00%;876;defacto
0;0.00%;879;team
0;0.00%;880;quick
0;0.00%;881;guy
0;0.00%;883;prevent
0;0.00%;884;regret
0;0.00%;885;precipic
0;0.00%;886;plu
0;0.00%;887;sign
0;0.00%;888;everytim
0;0.00%;890;run
0;0.00%;891;helpless
0;0.00%;893;appear
0;0.00%;894;currenc
0;0.00%;895;repli
0;0.00%;896;dishonestli
0;0.00%;897;favour
0;0.00%;899;uniform
0;0.00%;900;current
0;0.00%;901;sinc
0;0.00%;902;suspect
0;0.00%;903;convoc
0;0.00%;904;kilomet
0;0.00%;905;regatta
0;0.00%;909;gener
0;0.00%;912;satisfi
0;0.00%;913;slow
0;0.00%;914;witch
0;0.00%;915;address
0;0.00%;916;bicycl
0;0.00%;918;schoolmat
0;0.00%;920;wait
0;0.00%;921;box
0;0.00%;922;boy
0;0.00%;924;boast
0;0.00%;925;invit
0;0.00%;926;examn
0;0.00%;927;shift
0;0.00%;929;behav
0;0.00%;931;extrem
0;0.00%;932;shook
0;0.00%;933;guilti
0;0.00%;934;ourselv
0;0.00%;935;love
0;0.00%;937;prefer
0;0.00%;940;peep
0;0.00%;941;market
0;0.00%;942;bloodi
0;0.00%;943;paralys
0;0.00%;944;prove
0;0.00%;946;thre
0;0.00%;948;punctur
0;0.00%;951;live
0;0.00%;952;increas
0;0.00%;953;satan
0;0.00%;955;msc
0;0.00%;956;today
0;0.00%;958;afford
0;0.00%;959;peopl
0;0.00%;960;psycholog
0;0.00%;963;rigid
0;0.00%;964;unconsci
0;0.00%;966;envelopp
0;0.00%;967;firmli
0;0.00%;970;behalf
0;0.00%;971;religi
0;0.00%;976;pretend
0;0.00%;977;judg
0;0.00%;978;soul
0;0.00%;980;fli
0;0.00%;982;whatev
0;0.00%;983;inadequ
0;0.00%;985;purpos
0;0.00%;989;predict
0;0.00%;990;fuck
0;0.00%;991;literatur
0;0.00%;993;heard
0;0.00%;994;stroke
0;0.00%;995;abort
0;0.00%;998;stole
0;0.00%;999;occur
0;0.00%;1000;lusaka
0;0.00%;1001;purs
0;0.00%;1002;winter
0;0.00%;1003;write
0;0.00%;1004;alway
0;0.00%;1005;sunday
0;0.00%;1006;vital
0;0.00%;1007;anyon
0;0.00%;1009;pure
0;0.00%;1010;lifesav
0;0.00%;1011;tile
0;0.00%;1012;map
0;0.00%;1013;intrud
0;0.00%;1014;may
0;0.00%;1015;dive
0;0.00%;1016;shoplift
0;0.00%;1017;spot
0;0.00%;1018;motorway
0;0.00%;1020;exhibitionist
0;0.00%;1021;mad
0;0.00%;1023;suck
0;0.00%;1027;goal
0;0.00%;1030;neck
0;0.00%;1031;liquid
0;0.00%;1033;untru
0;0.00%;1035;st
0;0.00%;1036;mangl
0;0.00%;1039;truck
0;0.00%;1040;crept
0;0.00%;1041;swollen
0;0.00%;1043;ordinari
0;0.00%;1044;se
0;0.00%;1046;drunken
0;0.00%;1048;anticip
0;0.00%;1050;footstep
0;0.00%;1051;approv
0;0.00%;1052;graduat
0;0.00%;1054;lyric
0;0.00%;1055;shake
0;0.00%;1058;still
0;0.00%;1059;mainli
0;0.00%;1061;bacam
0;0.00%;1062;disconnect
0;0.00%;1066;instantli
0;0.00%;1067;maid
0;0.00%;1068;window
0;0.00%;1069;ssc
0;0.00%;1070;main
0;0.00%;1071;norway
0;0.00%;1072;non
0;0.00%;1073;evok
0;0.00%;1077;killer
0;0.00%;1079;nation
0;0.00%;1080;interview
0;0.00%;1081;loneli
0;0.00%;1082;polder
0;0.00%;1083;therebi
0;0.00%;1084;disappoint
0;0.00%;1086;hall
0;0.00%;1087;possess
0;0.00%;1088;wont
0;0.00%;1089;term
0;0.00%;1091;tobacco
0;0.00%;1093;servant
0;0.00%;1094;simpl
0;0.00%;1095;amnesti
0;0.00%;1097;separ
0;0.00%;1098;cerebr
0;0.00%;1099;magazin
0;0.00%;1100;careless
0;0.00%;1101;stockholm
0;0.00%;1103;januari
0;0.00%;1104;confid
0;0.00%;1106;replac
0;0.00%;1107;eg
0;0.00%;1109;continu
0;0.00%;1111;year
0;0.00%;1112;prostitut
0;0.00%;1113;happen
0;0.00%;1114;er
0;0.00%;1115;canada
0;0.00%;1116;shown
0;0.00%;1117;accomplish
0;0.00%;1118;space
0;0.00%;1120;discothequ
0;0.00%;1121;priest
0;0.00%;1122;dutch
0;0.00%;1123;uncl
0;0.00%;1125;romanc
0;0.00%;1126;unfriendli
0;0.00%;1127;diseas
0;0.00%;1128;monster
0;0.00%;1129;domest
0;0.00%;1130;contain
0;0.00%;1132;argu
0;0.00%;1134;romant
0;0.00%;1135;cough
0;0.00%;1136;card
0;0.00%;1138;underwear
0;0.00%;1140;befor
0;0.00%;1143;unavoid
0;0.00%;1145;thing
0;0.00%;1148;profess
0;0.00%;1149;nicknam
0;0.00%;1152;first
0;0.00%;1154;feign
0;0.00%;1155;suspend
0;0.00%;1156;directli
0;0.00%;1157;carri
0;0.00%;1158;onc
0;0.00%;1159;crib
0;0.00%;1161;suspens
0;0.00%;1162;fast
0;0.00%;1163;oppos
0;0.00%;1164;collegu
0;0.00%;1165;ring
0;0.00%;1168;size
0;0.00%;1169;urin
0;0.00%;1170;given
0;0.00%;1172;sheet
0;0.00%;1177;slept
0;0.00%;1178;fierc
0;0.00%;1179;eachoth
0;0.00%;1180;citi
0;0.00%;1181;silenc
0;0.00%;1182;cumul
0;0.00%;1184;averag
0;0.00%;1185;circl
0;0.00%;1186;organizor
0;0.00%;1187;white
0;0.00%;1188;conveni
0;0.00%;1189;melbourn
0;0.00%;1191;hug
0;0.00%;1192;cope
0;0.00%;1193;season
0;0.00%;1194;copi
0;0.00%;1195;hut
0;0.00%;1197;packet
0;0.00%;1199;butt
0;0.00%;1200;attempt
0;0.00%;1201;boyfriend
0;0.00%;1203;bewitch
0;0.00%;1204;crack
0;0.00%;1205;balanc
0;0.00%;1206;posit
0;0.00%;1208;counselor
0;0.00%;1210;seri
0;0.00%;1213;san
0;0.00%;1214;sam
0;0.00%;1217;sad
0;0.00%;1219;slam
0;0.00%;1222;anger
0;0.00%;1224;exclud
0;0.00%;1226;sat
0;0.00%;1231;babysit
0;0.00%;1232;moreov
0;0.00%;1233;note
0;0.00%;1235;take
0;0.00%;1237;destroy
0;0.00%;1240;surf
0;0.00%;1243;pain
0;0.00%;1244;trace
0;0.00%;1245;normal
0;0.00%;1247;price
0;0.00%;1249;statu
0;0.00%;1250;paid
0;0.00%;1251;aloud
0;0.00%;1253;champagn
0;0.00%;1255;knee
0;0.00%;1256;america
0;0.00%;1257;dream
0;0.00%;1258;proud
0;0.00%;1259;sale
0;0.00%;1260;tooth
0;0.00%;1261;meanwhil
0;0.00%;1262;nuclear
0;0.00%;1263;senior
0;0.00%;1264;steadi
0;0.00%;1266;translat
0;0.00%;1267;slope
0;0.00%;1268;shot
0;0.00%;1270;show
0;0.00%;1271;german
0;0.00%;1272;misus
0;0.00%;1273;cheap
0;0.00%;1276;shoe
0;0.00%;1277;permiss
0;0.00%;1278;corner
0;0.00%;1279;line
0;0.00%;1282;enthusiast
0;0.00%;1284;snack
0;0.00%;1285;stair
0;0.00%;1286;icecream
0;0.00%;1287;activ
0;0.00%;1288;xma
0;0.00%;1289;crime
0;0.00%;1290;wood
0;0.00%;1295;get
0;0.00%;1296;secondari
0;0.00%;1297;aim
0;0.00%;1298;cannot
0;0.00%;1300;requir
0;0.00%;1301;truli
0;0.00%;1303;skull
0;0.00%;1304;leather
0;0.00%;1305;borrow
0;0.00%;1307;workmat
0;0.00%;1310;tent
0;0.00%;1311;vision
0;0.00%;1312;bulgaria
0;0.00%;1314;picnic
0;0.00%;1315;concert
0;0.00%;1316;burst
0;0.00%;1317;surgeri
0;0.00%;1318;conscienc
0;0.00%;1320;asleep
0;0.00%;1322;concern
0;0.00%;1324;detect
0;0.00%;1327;import
0;0.00%;1330;grandpar
0;0.00%;1331;august
0;0.00%;1332;parent
0;0.00%;1333;sincer
0;0.00%;1334;harshli
0;0.00%;1335;supermarket
0;0.00%;1337;cycl
0;0.00%;1338;harrass
0;0.00%;1339;spare
0;0.00%;1340;coma
0;0.00%;1342;reaction
0;0.00%;1343;loudli
0;0.00%;1344;cardriv
0;0.00%;1346;quiet
0;0.00%;1347;contract
0;0.00%;1348;nearbi
0;0.00%;1349;tour
0;0.00%;1350;tutori
0;0.00%;1351;rugbi
0;0.00%;1352;mani
0;0.00%;1353;starvat
0;0.00%;1354;improp
0;0.00%;1355;lillehamm
0;0.00%;1357;key
0;0.00%;1358;panick
0;0.00%;1361;inspir
0;0.00%;1362;period
0;0.00%;1363;insist
0;0.00%;1365;twin
0;0.00%;1366;featur
0;0.00%;1367;cancel
0;0.00%;1368;supervisor
0;0.00%;1370;damag
0;0.00%;1371;save
0;0.00%;1373;coupl
0;0.00%;1374;stretch
0;0.00%;1375;west
0;0.00%;1377;suicid
0;0.00%;1379;breath
0;0.00%;1381;reconcili
0;0.00%;1382;paranorm
0;0.00%;1385;drawer
0;0.00%;1386;wake
0;0.00%;1387;rememb
0;0.00%;1388;drum
0;0.00%;1390;impati
0;0.00%;1391;spirit
0;0.00%;1392;robber
0;0.00%;1393;pilot
0;0.00%;1394;sound
0;0.00%;1395;thesi
0;0.00%;1396;cash
0;0.00%;1397;trick
0;0.00%;1398;cast
0;0.00%;1400;ive
0;0.00%;1403;henc
0;0.00%;1404;convinc
0;0.00%;1405;worri
0;0.00%;1406;bias
0;0.00%;1408;kenya
0;0.00%;1409;pursu
0;0.00%;1411;develop
0;0.00%;1412;harsh
0;0.00%;1415;oven
0;0.00%;1416;medic
0;0.00%;1417;cubicl
0;0.00%;1419;check
0;0.00%;1421;inconsist
0;0.00%;1427;finish
0;0.00%;1428;pornograph
0;0.00%;1429;closest
0;0.00%;1430;ye
0;0.00%;1431;assist
0;0.00%;1432;driver
0;0.00%;1433;someon
0;0.00%;1434;companion
0;0.00%;1435;driven
0;0.00%;1438;improv
0;0.00%;1439;postpon
0;0.00%;1440;weep
0;0.00%;1441;railway
0;0.00%;1442;nag
0;0.00%;1443;appropri
0;0.00%;1446;justifi
0;0.00%;1448;relief
0;0.00%;1449;vomit
0;0.00%;1450;model
0;0.00%;1452;roughli
0;0.00%;1453;hid
0;0.00%;1454;scholarship
0;0.00%;1455;taxi
0;0.00%;1456;summer
0;0.00%;1457;outdoor
0;0.00%;1458;violenc
0;0.00%;1459;execut
0;0.00%;1461;farewel
0;0.00%;1462;rest
0;0.00%;1463;weekli
0;0.00%;1464;violent
0;0.00%;1465;kill
0;0.00%;1466;aspect
0;0.00%;1468;touch
0;0.00%;1469;n
0;0.00%;1470;speed
0;0.00%;1471;concentr
0;0.00%;1472;death
0;0.00%;1473;europ
0;0.00%;1474;cancer
0;0.00%;1475;hint
0;0.00%;1476;rose
0;0.00%;1477;except
0;0.00%;1478;littl
0;0.00%;1479;ther
0;0.00%;1480;pile
0;0.00%;1481;treatment
0;0.00%;1482;irrespons
0;0.00%;1483;accquaint
0;0.00%;1484;stagnant
0;0.00%;1485;struck
0;0.00%;1486;pill
0;0.00%;1487;discontinu
0;0.00%;1488;swim
0;0.00%;1489;occas
0;0.00%;1490;around
0;0.00%;1491;choic
0;0.00%;1492;read
0;0.00%;1493;rejoin
0;0.00%;1494;delhi
0;0.00%;1495;ladi
0;0.00%;1496;dark
0;0.00%;1497;temperatur
0;0.00%;1498;traffic
0;0.00%;1499;spank
0;0.00%;1501;darl
0;0.00%;1502;world
0;0.00%;1503;rear
0;0.00%;1504;divorc
0;0.00%;1506;physiotherapi
0;0.00%;1510;postcard
0;0.00%;1512;exploit
0;0.00%;1514;nose
0;0.00%;1515;prejud
0;0.00%;1516;inter
0;0.00%;1518;supplementari
0;0.00%;1521;madrid
0;0.00%;1523;redtap
0;0.00%;1524;satisfactori
0;0.00%;1525;adequ
0;0.00%;1526;canteen
0;0.00%;1528;intact
0;0.00%;1530;mood
0;0.00%;1531;confirm
0;0.00%;1532;noon
0;0.00%;1534;definit
0;0.00%;1535;legal
0;0.00%;1537;throat
0;0.00%;1538;inject
0;0.00%;1541;complic
0;0.00%;1543;refer
0;0.00%;1544;uneasi
0;0.00%;1545;power
0;0.00%;1546;sadden
0;0.00%;1549;slaughter
0;0.00%;1550;broken
0;0.00%;1553;stone
0;0.00%;1556;oh
0;0.00%;1557;roar
0;0.00%;1558;island
0;0.00%;1559;lector
0;0.00%;1564;stand
0;0.00%;1566;act
0;0.00%;1567;stank
0;0.00%;1568;luck
0;0.00%;1570;accredit
0;0.00%;1571;checkup
0;0.00%;1572;outlook
0;0.00%;1573;elementari
0;0.00%;1574;surviv
0;0.00%;1577;restless
0;0.00%;1578;stare
0;0.00%;1580;hainburg
0;0.00%;1581;area
0;0.00%;1582;loo
0;0.00%;1583;accquir
0;0.00%;1584;hed
0;0.00%;1589;lot
0;0.00%;1591;valley
0;0.00%;1592;shower
0;0.00%;1594;zip
0;0.00%;1596;regard
0;0.00%;1599;brain
0;0.00%;1601;categor
0;0.00%;1603;pull
0;0.00%;1604;hire
0;0.00%;1605;immedi
0;0.00%;1606;dirti
0;0.00%;1607;rage
0;0.00%;1608;bucket
0;0.00%;1611;grass
0;0.00%;1612;stairway
0;0.00%;1613;age
0;0.00%;1614;affection
0;0.00%;1615;connect
0;0.00%;1616;aa
0;0.00%;1617;gone
0;0.00%;1619;fright
0;0.00%;1620;cinema
0;0.00%;1623;deer
0;0.00%;1625;nerv
0;0.00%;1627;undergon
0;0.00%;1628;decreas
0;0.00%;1629;aw
0;0.00%;1630;cultur
0;0.00%;1632;deed
0;0.00%;1635;fill
0;0.00%;1636;selfish
0;0.00%;1638;collector
0;0.00%;1640;compel
0;0.00%;1643;compet
0;0.00%;1644;immens
0;0.00%;1645;biochemistri
0;0.00%;1646;incomprehens
0;0.00%;1647;juic
0;0.00%;1649;hindranc
0;0.00%;1650;championship
0;0.00%;1652;seasid
0;0.00%;1653;shelter
0;0.00%;1655;drift
0;0.00%;1656;overreact
0;0.00%;1657;briefli
0;0.00%;1658;grovel
0;0.00%;1659;deceiv
0;0.00%;1660;peac
0;0.00%;1661;pool
0;0.00%;1662;admiss
0;0.00%;1663;reduc
0;0.00%;1666;wife
0;0.00%;1667;mask
0;0.00%;1668;hello
0;0.00%;1669;mass
0;0.00%;1671;escap
0;0.00%;1673;oral
0;0.00%;1674;untidi
0;0.00%;1675;forget
0;0.00%;1678;lack
0;0.00%;1679;dollar
0;0.00%;1681;abil
0;0.00%;1682;dish
0;0.00%;1684;research
0;0.00%;1686;carpet
0;0.00%;1689;auckland
0;0.00%;1690;gymnast
0;0.00%;1691;former
0;0.00%;1692;tail
0;0.00%;1694;humili
0;0.00%;1695;spain
0;0.00%;1696;th
0;0.00%;1697;smile
0;0.00%;1698;te
0;0.00%;1700;norm
0;0.00%;1702;case
0;0.00%;1703;yr
0;0.00%;1704;woman
0;0.00%;1706;interf
0;0.00%;1708;far
0;0.00%;1710;fat
0;0.00%;1712;util
0;0.00%;1713;personnel
0;0.00%;1714;hypocrit
0;0.00%;1715;scout
0;0.00%;1716;worst
0;0.00%;1718;failur
0;0.00%;1719;veri
0;0.00%;1720;unoffici
0;0.00%;1721;ticket
0;0.00%;1722;strang
0;0.00%;1725;signific
0;0.00%;1727;adjust
0;0.00%;1728;plain
0;0.00%;1729;small
0;0.00%;1731;sank
0;0.00%;1732;mile
0;0.00%;1733;ten
0;0.00%;1735;holdiday
0;0.00%;1737;biolog
0;0.00%;1738;pressur
0;0.00%;1739;design
0;0.00%;1741;lawyer
0;0.00%;1743;casual
0;0.00%;1744;excit
0;0.00%;1746;stood
0;0.00%;1747;sun
0;0.00%;1748;abscenc
0;0.00%;1749;dirt
0;0.00%;1751;brief
0;0.00%;1752;milk
0;0.00%;1753;crush
0;0.00%;1754;public
0;0.00%;1755;version
0;0.00%;1756;deepli
0;0.00%;1757;anniversari
0;0.00%;1758;movement
0;0.00%;1759;full
0;0.00%;1760;themselv
0;0.00%;1762;vet
0;0.00%;1763;behaviour
0;0.00%;1764;ranger
0;0.00%;1765;busstop
0;0.00%;1766;berkeley
0;0.00%;1767;method
0;0.00%;1772;inattent
0;0.00%;1773;ahead
0;0.00%;1774;whine
0;0.00%;1776;observ
0;0.00%;1777;soldier
0;0.00%;1778;airport
0;0.00%;1780;pick
0;0.00%;1781;action
0;0.00%;1782;narrow
0;0.00%;1783;bunk
0;0.00%;1784;medicin
0;0.00%;1785;carelessli
0;0.00%;1786;depart
0;0.00%;1787;declin
0;0.00%;1788;transit
0;0.00%;1789;africa
0;0.00%;1790;sadist
0;0.00%;1791;friendli
0;0.00%;1792;ask
0;0.00%;1794;famili
0;0.00%;1795;suddenli
0;0.00%;1796;establish
0;0.00%;1798;engag
0;0.00%;1799;aggress
0;0.00%;1800;eye
0;0.00%;1801;proceed
0;0.00%;1802;distinct
0;0.00%;1804;regist
0;0.00%;1805;two
0;0.00%;1808;splash
0;0.00%;1810;taken
0;0.00%;1812;homework
0;0.00%;1813;minor
0;0.00%;1814;becam
0;0.00%;1816;bulgarian
0;0.00%;1817;crisi
0;0.00%;1818;desir
0;0.00%;1823;broke
0;0.00%;1824;particular
0;0.00%;1826;compani
0;0.00%;1827;doom
0;0.00%;1828;glad
0;0.00%;1829;town
0;0.00%;1830;none
0;0.00%;1831;indefinit
0;0.00%;1832;hour
0;0.00%;1833;hous
0;0.00%;1834;policemen
0;0.00%;1836;remain
0;0.00%;1838;underw
0;0.00%;1840;abandon
0;0.00%;1841;male
0;0.00%;1842;disapprov
0;0.00%;1843;explod
0;0.00%;1844;stubborn
0;0.00%;1846;doublecross
0;0.00%;1848;challeng
0;0.00%;1850;share
0;0.00%;1851;accept
0;0.00%;1852;socal
0;0.00%;1853;autumn
0;0.00%;1854;intercours
0;0.00%;1855;compart
0;0.00%;1856;attain
0;0.00%;1859;scar
0;0.00%;1860;dress
0;0.00%;1863;court
0;0.00%;1864;selfconfid
0;0.00%;1866;secur
0;0.00%;1869;anxiou
0;0.00%;1870;comfort
0;0.00%;1871;environ
0;0.00%;1872;divis
0;0.00%;1873;whhen
0;0.00%;1874;cuddl
0;0.00%;1875;reject
0;0.00%;1876;scorn
0;0.00%;1877;stir
0;0.00%;1878;hopeless
0;0.00%;1879;plant
0;0.00%;1880;shouldnt
0;0.00%;1882;rude
0;0.00%;1883;faculti
0;0.00%;1884;sneak
0;0.00%;1885;reflect
0;0.00%;1886;plane
0;0.00%;1887;embrac
0;0.00%;1890;associ
0;0.00%;1891;welcom
0;0.00%;1892;circumst
0;0.00%;1893;short
0;0.00%;1894;coat
0;0.00%;1895;jiani
0;0.00%;1896;convuls
0;0.00%;1897;overnight
0;0.00%;1898;blunder
0;0.00%;1899;caus
0;0.00%;1900;dread
0;0.00%;1901;cigarett
0;0.00%;1904;help
0;0.00%;1905;pant
0;0.00%;1906;bowl
0;0.00%;1907;soon
0;0.00%;1908;econom
0;0.00%;1909;held
0;0.00%;1910;isnt
0;0.00%;1911;paper
0;0.00%;1912;pane
0;0.00%;1915;housemen
0;0.00%;1916;dont
0;0.00%;1917;obscen
0;0.00%;1918;pray
0;0.00%;1919;late
0;0.00%;1920;whistl
0;0.00%;1921;rejoyc
0;0.00%;1922;bypass
0;0.00%;1924;match
0;0.00%;1925;soccer
0;0.00%;1927;peni
0;0.00%;1928;fool
0;0.00%;1931;food
0;0.00%;1933;pollut
0;0.00%;1934;hunter
0;0.00%;1936;somebodi
0;0.00%;1937;compound
0;0.00%;1938;foot
0;0.00%;1939;adventur
0;0.00%;1940;complain
0;0.00%;1941;bigger
0;0.00%;1942;eventu
0;0.00%;1944;pregnant
0;0.00%;1945;policeman
0;0.00%;1946;critic
0;0.00%;1950;alreadi
0;0.00%;1951;habitu
0;0.00%;1952;die
0;0.00%;1953;fulli
0;0.00%;1954;reminisc
0;0.00%;1956;embarass
0;0.00%;1957;harm
0;0.00%;1958;shock
0;0.00%;1959;england
0;0.00%;1960;mental
0;0.00%;1961;weight
0;0.00%;1963;hard
0;0.00%;1969;expect
0;0.00%;1970;horribl
0;0.00%;1971;energi
0;0.00%;1972;beyond
0;0.00%;1974;flower
0;0.00%;1975;safeti
0;0.00%;1976;alcohol
0;0.00%;1977;item
0;0.00%;1978;childish
0;0.00%;1979;publish
0;0.00%;1980;princ
0;0.00%;1981;health
0;0.00%;1984;qualifi
0;0.00%;1986;belief
0;0.00%;1987;advanc
0;0.00%;1989;suspici
0;0.00%;1990;cockroach
0;0.00%;1991;pleasant
0;0.00%;1992;reason
0;0.00%;1993;base
0;0.00%;1994;believ
0;0.00%;1995;kamuzu
0;0.00%;1996;put
0;0.00%;1997;teach
0;0.00%;1998;weed
0;0.00%;2000;havent
0;0.00%;2001;basi
0;0.00%;2002;thrown
0;0.00%;2003;director
0;0.00%;2004;omit
0;0.00%;2005;struggl
0;0.00%;2007;perman
0;0.00%;2008;threat
0;0.00%;2009;undergo
0;0.00%;2010;fallen
0;0.00%;2011;interact
0;0.00%;2013;intimid
0;0.00%;2014;major
0;0.00%;2016;notifi
0;0.00%;2017;obviou
0;0.00%;2018;blush
0;0.00%;2019;feel
0;0.00%;2021;dull
0;0.00%;2022;number
0;0.00%;2023;tow
0;0.00%;2024;feet
0;0.00%;2025;elder
0;0.00%;2026;sailor
0;0.00%;2028;done
0;0.00%;2029;construct
0;0.00%;2031;stabl
0;0.00%;2033;blackbeetl
0;0.00%;2034;obligatori
0;0.00%;2035;differ
0;0.00%;2036;restor
0;0.00%;2037;guest
0;0.00%;2038;questionnair
0;0.00%;2039;least
0;0.00%;2040;paint
0;0.00%;2041;stori
0;0.00%;2042;station
0;0.00%;2044;natur
0;0.00%;2045;twenti
0;0.00%;2049;storm
0;0.00%;2051;behind
0;0.00%;2052;bowel
0;0.00%;2053;hotel
0;0.00%;2054;park
0;0.00%;2055;pari
0;0.00%;2056;sofia
0;0.00%;2058;drain
0;0.00%;2059;consult
0;0.00%;2061;king
0;0.00%;2062;kind
0;0.00%;2064;contrari
0;0.00%;2065;whenev
0;0.00%;2068;dans
0;0.00%;2069;grey
0;0.00%;2071;groceri
0;0.00%;2073;arrang
0;0.00%;2074;obstruct
0;0.00%;2075;toward
0;0.00%;2076;danc
0;0.00%;2077;comput
0;0.00%;2078;comrad
0;0.00%;2079;wasnt
0;0.00%;2080;defect
0;0.00%;2081;packag
0;0.00%;2082;bulli
0;0.00%;2084;mountain
0;0.00%;2085;built
0;0.00%;2088;self
0;0.00%;2089;cave
0;0.00%;2091;client
0;0.00%;2092;also
0;0.00%;2093;unintent
0;0.00%;2094;lip
0;0.00%;2095;useless
0;0.00%;2096;play
0;0.00%;2097;english
0;0.00%;2099;react
0;0.00%;2100;charm
0;0.00%;2101;plan
0;0.00%;2102;eaten
0;0.00%;2103;charg
0;0.00%;2105;compar
0;0.00%;2106;vehicl
0;0.00%;2107;clear
0;0.00%;2108;cover
0;0.00%;2109;km
0;0.00%;2111;unwel
0;0.00%;2115;usual
0;0.00%;2117;overcam
0;0.00%;2118;ridicul
0;0.00%;2119;gold
0;0.00%;2122;melodi
0;0.00%;2123;fond
0;0.00%;2124;hadnt
0;0.00%;2126;particularli
0;0.00%;2127;finn
0;0.00%;2128;fine
0;0.00%;2129;find
0;0.00%;2131;ambit
0;0.00%;2132;pretti
0;0.00%;2133;paranoid
0;0.00%;2134;ruin
0;0.00%;2136;solut
0;0.00%;2137;indian
0;0.00%;2138;betray
0;0.00%;2139;money
0;0.00%;2142;hit
0;0.00%;2144;zambia
0;0.00%;2145;express
0;0.00%;2147;twelv
0;0.00%;2148;exboyfriend
0;0.00%;2149;breast
0;0.00%;2150;theft
0;0.00%;2154;uncomfort
0;0.00%;2155;stroll
0;0.00%;2156;antiqu
0;0.00%;2157;enemi
0;0.00%;2159;x
0;0.00%;2160;gospel
0;0.00%;2161;cri
0;0.00%;2162;wrote
0;0.00%;2164;set
0;0.00%;2168;sex
0;0.00%;2169;celebr
0;0.00%;2170;lion
0;0.00%;2171;bare
0;0.00%;2172;sea
0;0.00%;2173;polish
0;0.00%;2174;fellow
0;0.00%;2175;reserv
0;0.00%;2176;bark
0;0.00%;2177;sek
0;0.00%;2178;outward
0;0.00%;2179;nap
0;0.00%;2180;frustat
0;0.00%;2181;youth
0;0.00%;2185;blurt
0;0.00%;2186;someth
0;0.00%;2187;grandmoth
0;0.00%;2190;use
0;0.00%;2192;experi
0;0.00%;2193;clerk
0;0.00%;2194;compliment
0;0.00%;2196;blow
0;0.00%;2197;korea
0;0.00%;2198;appreci
0;0.00%;2199;sold
0;0.00%;2200;isol
0;0.00%;2201;abruptli
0;0.00%;2202;succeed
0;0.00%;2204;nervou
0;0.00%;2205;sceneri
0;0.00%;2206;c
0;0.00%;2207;last
0;0.00%;2208;examinor
0;0.00%;2209;fiance
0;0.00%;2210;wed
0;0.00%;2211;alon
0;0.00%;2212;foreign
0;0.00%;2213;detest
0;0.00%;2214;motorcycl
0;0.00%;2215;lash
0;0.00%;2216;fianct
0;0.00%;2219;load
0;0.00%;2220;childhood
0;0.00%;2222;bell
0;0.00%;2223;sweet
0;0.00%;2224;loan
0;0.00%;2226;psychiatr
0;0.00%;2227;badminton
0;0.00%;2228;provok
0;0.00%;2229;church
0;0.00%;2230;rave
0;0.00%;2231;mistak
0;0.00%;2233;coincid
0;0.00%;2234;belt
0;0.00%;2235;devil
0;0.00%;2237;pt
0;0.00%;2239;py
0;0.00%;2241;empti
0;0.00%;2243;secret
0;0.00%;2245;homosexu
0;0.00%;;
0;0.00%;2249;sweetheart
0;0.00%;2251;flight
0;0.00%;2252;exercis
0;0.00%;2253;gay
0;0.00%;2255;infect
0;0.00%;2256;imag
0;0.00%;2257;wet
0;0.00%;2258;convert
0;0.00%;2260;fund
0;0.00%;2262;liver
0;0.00%;2263;demand
0;0.00%;2267;stolen
0;0.00%;2268;uncertain
0;0.00%;2270;pedestrian
0;0.00%;2273;bill
0;0.00%;2275;bikini
0;0.00%;2276;ought
0;0.00%;2279;fun
0;0.00%;2280;everyon
0;0.00%;2281;loop
0;0.00%;2282;pack
0;0.00%;2283;prejudic
0;0.00%;2284;real
0;0.00%;2287;nitht
0;0.00%;2289;vow
0;0.00%;2290;centuri
0;0.00%;2291;rid
0;0.00%;2292;vanish
0;0.00%;2294;mirror
0;0.00%;2295;irrelev
0;0.00%;2296;shirt
0;0.00%;2297;grant
0;0.00%;2302;itali
0;0.00%;2303;corridor
0;0.00%;2304;grand
0;0.00%;2305;terrac
0;0.00%;2307;higher
0;0.00%;2308;lie
0;0.00%;2309;unwarr
0;0.00%;2310;yesterday
0;0.00%;2311;inflat
0;0.00%;2313;user
0;0.00%;2314;dine
0;0.00%;2315;wherev
0;0.00%;2316;timid
0;0.00%;2317;typic
0;0.00%;2318;recent
0;0.00%;2320;task
0;0.00%;2322;older
0;0.00%;2323;chemistri
0;0.00%;2324;poona
0;0.00%;2325;spent
0;0.00%;2326;nieghbour
0;0.00%;2330;withdraw
0;0.00%;2331;grip
0;0.00%;2332;convok
0;0.00%;2333;academ
0;0.00%;2335;anybodi
0;0.00%;2337;explan
0;0.00%;2342;shape
0;0.00%;2343;mob
0;0.00%;2344;regardless
0;0.00%;2346;cut
0;0.00%;2347;cup
0;0.00%;2348;secretari
0;0.00%;2350;persuad
0;0.00%;2351;theoret
0;0.00%;2353;cue
0;0.00%;2354;dare
0;0.00%;2357;subsequ
0;0.00%;2358;easter
0;0.00%;2359;build
0;0.00%;2360;bin
0;0.00%;2361;complaint
0;0.00%;2362;australia
0;0.00%;2365;improperli
0;0.00%;2366;big
0;0.00%;2367;bureaucrat
0;0.00%;2370;bit
0;0.00%;2371;formal
0;0.00%;2372;knock
0;0.00%;2373;stranger
0;0.00%;2374;lifepartn
0;0.00%;2375;resolv
0;0.00%;2378;arthur
0;0.00%;2379;paramilitari
0;0.00%;2380;foolish
0;0.00%;2381;downstair
0;0.00%;2383;often
0;0.00%;2384;acknowledg
0;0.00%;2385;back
0;0.00%;2386;phone
0;0.00%;2387;understood
0;0.00%;2388;strongest
0;0.00%;2389;sight
0;0.00%;2391;surpris
0;0.00%;2392;scale
0;0.00%;2393;chocol
0;0.00%;2394;jokingli
0;0.00%;2395;culprit
0;0.00%;2397;though
0;0.00%;2398;seller
0;0.00%;2401;mathemat
0;0.00%;2402;larg
0;0.00%;2403;slash
0;0.00%;2405;mummi
0;0.00%;2406;veterinari
0;0.00%;2407;either
0;0.00%;2408;machin
0;0.00%;2409;previou
0;0.00%;2410;patient
0;0.00%;2412;rum
0;0.00%;2413;word
0;0.00%;2414;reoccur
0;0.00%;2415;rug
0;0.00%;2417;step
0;0.00%;2419;chairman
0;0.00%;2420;impos
0;0.00%;2421;shine
0;0.00%;2422;faith
0;0.00%;2423;jealou
0;0.00%;2424;quarel
0;0.00%;2427;yearold
0;0.00%;2428;materi
0;0.00%;2429;memori
0;0.00%;2430;matern
0;0.00%;2432;drama
0;0.00%;2433;tie
0;0.00%;2435;breakup
0;0.00%;2436;italian
0;0.00%;2437;block
0;0.00%;2439;miracl
0;0.00%;2440;univers
0;0.00%;2442;irrit
0;0.00%;2443;hometown
0;0.00%;2445;democrat
0;0.00%;2446;furiou
0;0.00%;2447;chang
0;0.00%;2448;lesson
0;0.00%;2449;announc
0;0.00%;2451;institut
0;0.00%;2452;oesophagu
0;0.00%;2454;errand
0;0.00%;2456;doubt
0;0.00%;2458;suit
0;0.00%;2459;forward
0;0.00%;2460;bsc
0;0.00%;2461;spat
0;0.00%;2462;vienna
0;0.00%;2464;properli
0;0.00%;2467;great
0;0.00%;2468;cloth
0;0.00%;2469;game
0;0.00%;2470;uncontrol
0;0.00%;2471;reef
0;0.00%;2473;pharmacolog
0;0.00%;2474;angri
0;0.00%;2475;intoler
0;0.00%;2477;uth
0;0.00%;2479;intim
0;0.00%;2481;sum
0;0.00%;2483;curv
0;0.00%;2484;curt
0;0.00%;2485;cathol
0;0.00%;2486;constant
0;0.00%;2487;curs
0;0.00%;2489;m
0;0.00%;2491;chap
0;0.00%;2494;chat
0;0.00%;2495;home
0;0.00%;2496;cafe
0;0.00%;2498;spend
0;0.00%;2499;hyena
0;0.00%;2500;greas
0;0.00%;2501;conductor
0;0.00%;2504;club
0;0.00%;2505;raini
0;0.00%;2508;nice
0;0.00%;2509;draw
0;0.00%;2514;resign
0;0.00%;2515;insect
0;0.00%;2516;funer
0;0.00%;2520;desert
0;0.00%;2521;deserv
0;0.00%;2522;ago
0;0.00%;2524;land
0;0.00%;2525;e
0;0.00%;2526;outing
0;0.00%;2528;discrimin
0;0.00%;2530;bribe
0;0.00%;2531;fresh
0;0.00%;2532;tube
0;0.00%;2534;windi
0;0.00%;2535;trifl
0;0.00%;2536;examin
0;0.00%;2537;defenceless
0;0.00%;2538;alien
0;0.00%;2539;gang
0;0.00%;2540;ga
0;0.00%;2541;go
0;0.00%;2542;roadsid
0;0.00%;2543;privat
0;0.00%;2544;sensit
0;0.00%;2545;olymp
0;0.00%;2546;hunger
0;0.00%;2547;young
0;0.00%;2548;send
0;0.00%;2549;oclock
0;0.00%;2551;adjoin
0;0.00%;2552;visitor
0;0.00%;2555;sent
0;0.00%;2556;pay
0;0.00%;2558;garden
0;0.00%;2559;disclos
0;0.00%;2560;account
0;0.00%;2561;wave
0;0.00%;2563;volum
0;0.00%;2564;surgeon
0;0.00%;2565;wipe
0;0.00%;2566;tri
0;0.00%;2568;recit
0;0.00%;2569;stiff
0;0.00%;2570;midterm
0;0.00%;2572;race
0;0.00%;2573;marri
0;0.00%;2574;pleas
0;0.00%;2576;impli
0;0.00%;2578;fortun
0;0.00%;2579;battl
0;0.00%;2581;quickli
0;0.00%;2582;doe
0;0.00%;2585;copenhagen
0;0.00%;2587;unimport
0;0.00%;2588;compat
0;0.00%;2589;poke
0;0.00%;2591;soup
0;0.00%;2593;slight
0;0.00%;2594;lolli
0;0.00%;2596;rotten
0;0.00%;2597;experiment
0;0.00%;2598;impuls
0;0.00%;2599;injustic
0;0.00%;2600;bird
0;0.00%;2601;poverti
0;0.00%;2602;chose
0;0.00%;2603;elect
0;0.00%;2604;leg
0;0.00%;2605;ladder
0;0.00%;2606;alcool
0;0.00%;2607;unjustli
0;0.00%;2608;closur
0;0.00%;2609;let
0;0.00%;2611;sing
0;0.00%;2612;becom
0;0.00%;2614;remark
0;0.00%;2615;spite
0;0.00%;2616;vacat
0;0.00%;2617;later
0;0.00%;2618;defeat
0;0.00%;2620;opinion
0;0.00%;2622;chanc
0;0.00%;2623;danger
0;0.00%;2624;forbid
0;0.00%;2625;win
0;0.00%;2626;disobey
0;0.00%;2627;emot
0;0.00%;2628;disciplin
0;0.00%;2629;apt
0;0.00%;2632;motor
0;0.00%;2633;deputi
0;0.00%;2635;ninth
0;0.00%;2636;asthma
0;0.00%;2637;wardrob
0;0.00%;2638;fed
0;0.00%;2639;fee
0;0.00%;2640;usc
0;0.00%;2642;commun
0;0.00%;2643;chi
0;0.00%;2644;doubl
0;0.00%;2645;theme
0;0.00%;2647;next
0;0.00%;2648;implic
0;0.00%;2649;eleven
0;0.00%;2650;camera
0;0.00%;2651;crab
0;0.00%;2653;malawi
0;0.00%;2654;fridg
0;0.00%;2655;sort
0;0.00%;2656;pencil
0;0.00%;2657;clever
0;0.00%;2662;factor
0;0.00%;2663;impress
0;0.00%;2664;sore
0;0.00%;2667;ok
0;0.00%;2668;gambl
0;0.00%;2669;gradmoth
0;0.00%;2672;mening
0;0.00%;2673;f
0;0.00%;2674;ride
0;0.00%;2675;crazi
0;0.00%;2677;unreal
0;0.00%;2678;obvious
0;0.00%;2679;thin
0;0.00%;2680;smear
0;0.00%;2684;aliv
0;0.00%;2685;control
0;0.00%;2689;patron
0;0.00%;2691;lock
0;0.00%;2693;high
0;0.00%;2695;downhil
0;0.00%;2696;bend
0;0.00%;2697;slip
0;0.00%;2698;sought
0;0.00%;2699;adolesc
0;0.00%;2700;crimin
0;0.00%;2702;serial
0;0.00%;2704;everywher
0;0.00%;2705;displeasur
0;0.00%;2706;sit
0;0.00%;2707;six
0;0.00%;2708;delay
0;0.00%;2709;lamp
0;0.00%;2714;vividli
0;0.00%;2715;pub
0;0.00%;2717;financ
0;0.00%;2718;cupboard
0;0.00%;2721;watch
0;0.00%;2723;surfac
0;0.00%;2725;attent
0;0.00%;2726;ethnic
0;0.00%;2727;sutuat
0;0.00%;2728;physic
0;0.00%;2729;villag
0;0.00%;2730;masturb
0;0.00%;2731;honestli
0;0.00%;2732;agricultur
0;0.00%;2734;counter
0;0.00%;2735;correspond
0;0.00%;2736;element
0;0.00%;2737;issu
0;0.00%;2739;allot
0;0.00%;2740;allow
0;0.00%;2742;catti
0;0.00%;2744;move
0;0.00%;2746;passion
0;0.00%;2747;earth
0;0.00%;2748;perfect
0;0.00%;2751;chosen
0;0.00%;2752;pawpaw
0;0.00%;2753;kindergarten
0;0.00%;2754;unfaith
0;0.00%;2755;youngster
0;0.00%;2756;lp
0;0.00%;2757;therefor
0;0.00%;2759;dad
0;0.00%;2760;recept
0;0.00%;2761;microbiolog
0;0.00%;2763;fourth
0;0.00%;2764;handl
0;0.00%;2765;flour
0;0.00%;2766;overal
0;0.00%;2767;flew
0;0.00%;2769;snake
0;0.00%;2770;kiss
0;0.00%;2771;front
0;0.00%;2773;somewher
0;0.00%;2774;anyth
0;0.00%;2778;tiss
0;0.00%;2779;truth
0;0.00%;2780;disregard
0;0.00%;2782;tray
0;0.00%;2784;fare
0;0.00%;2785;chung
0;0.00%;2787;bump
0;0.00%;2791;wander
0;0.00%;2792;unza
0;0.00%;2793;sentiment
0;0.00%;2794;twice
0;0.00%;2795;influenc
0;0.00%;2796;confess
0;0.00%;2797;defenc
0;0.00%;2798;repress
0;0.00%;2799;secretli
0;0.00%;2801;freshman
0;0.00%;2802;playground
0;0.00%;2806;math
0;0.00%;2807;common
0;0.00%;2808;franc
0;0.00%;2809;shut
0;0.00%;2810;quarter
0;0.00%;2812;utensil
0;0.00%;2813;manipul
0;0.00%;2815;leukemia
0;0.00%;2817;york
0;0.00%;2818;advisor
0;0.00%;2819;releas
0;0.00%;2822;afterward
0;0.00%;2823;river
0;0.00%;2824;yard
0;0.00%;2825;g
0;0.00%;2826;lone
0;0.00%;2829;keep
0;0.00%;2831;organis
0;0.00%;2832;outsid
0;0.00%;2833;presid
0;0.00%;2834;scare
0;0.00%;2836;unexpectedli
0;0.00%;2838;tackel
0;0.00%;2840;cardiac
0;0.00%;2841;eleventh
0;0.00%;2843;cousin
0;0.00%;2844;prioriti
0;0.00%;2845;long
0;0.00%;2846;strict
0;0.00%;2847;unknown
0;0.00%;2848;licens
0;0.00%;2849;perfectli
0;0.00%;2851;capac
0;0.00%;2852;messag
0;0.00%;2853;eighth
0;0.00%;2854;impud
0;0.00%;2856;misinterpret
0;0.00%;2858;licenc
0;0.00%;2860;final
0;0.00%;2861;misunderstood
0;0.00%;2864;punish
0;0.00%;2866;negro
0;0.00%;2870;practic
0;0.00%;2871;mechan
0;0.00%;2872;photograph
0;0.00%;2873;bother
0;0.00%;2874;repuls
0;0.00%;2876;bed
0;0.00%;2877;charact
0;0.00%;2879;sweden
0;0.00%;2880;collaps
0;0.00%;2882;rate
0;0.00%;2883;steep
0;0.00%;2884;bet
0;0.00%;2885;exhibit
0;0.00%;2886;deliveri
0;0.00%;2887;beggar
0;0.00%;2888;terribl
0;0.00%;2889;thereaft
0;0.00%;2890;clearli
0;0.00%;2891;maori
0;0.00%;2892;close
0;0.00%;2894;offens
0;0.00%;2895;tidi
0;0.00%;2896;cellar
0;0.00%;2897;afraid
0;0.00%;2898;rout
0;0.00%;2901;mix
0;0.00%;2903;tactic
0;0.00%;2904;jail
0;0.00%;2905;korean
0;0.00%;2906;soap
0;0.00%;2907;singl
0;0.00%;2908;practis
0;0.00%;2909;twelveth
0;0.00%;2910;led
0;0.00%;2912;petrol
0;0.00%;2916;discov
0;0.00%;2917;stupidli
0;0.00%;2918;visa
0;0.00%;2920;handbag
0;0.00%;2923;class
0;0.00%;2924;grumbl
0;0.00%;2925;stereo
0;0.00%;2926;saddest
0;0.00%;2929;face
0;0.00%;2930;deni
0;0.00%;2931;hi
0;0.00%;2932;talk
0;0.00%;2935;irrat
0;0.00%;2937;fact
0;0.00%;2938;affair
0;0.00%;2939;niec
0;0.00%;2940;entertain
0;0.00%;2943;text
0;0.00%;2944;indoor
0;0.00%;2945;anyway
0;0.00%;2948;bedroom
0;0.00%;2951;texa
0;0.00%;2953;nearer
0;0.00%;2954;footbal
0;0.00%;2955;ear
0;0.00%;2957;nois
0;0.00%;2958;tire
0;0.00%;2959;youngest
0;0.00%;2960;forev
0;0.00%;2961;hyster
0;0.00%;2962;prolong
0;0.00%;2963;gestur
0;0.00%;2964;won
0;0.00%;2965;tape
0;0.00%;2966;conclus
0;0.00%;2969;piano
0;0.00%;2970;b
0;0.00%;2971;local
0;0.00%;2972;counsellor
0;0.00%;2973;hope
0;0.00%;2975;contribut
0;0.00%;2978;familiar
0;0.00%;2979;disagre
0;0.00%;2980;rush
0;0.00%;2982;regularli
0;0.00%;2986;hurri
0;0.00%;2987;lucki
0;0.00%;2988;discharg
0;0.00%;2989;smash
0;0.00%;2990;graz
0;0.00%;2991;reluct
0;0.00%;2992;organ
0;0.00%;2993;suvenir
0;0.00%;2994;upper
0;0.00%;2995;denmark
0;0.00%;2997;summon
0;0.00%;2998;stuff
0;0.00%;3000;injur
0;0.00%;3001;shi
0;0.00%;3002;grab
0;0.00%;3005;solo
0;0.00%;3006;frame
0;0.00%;3007;knowledg
0;0.00%;3008;accord
0;0.00%;3009;apolog
0;0.00%;3010;immor
0;0.00%;3012;troubl
0;0.00%;3014;closer
0;0.00%;3015;entranc
0;0.00%;3016;correctli
0;0.00%;3017;reform
0;0.00%;3018;slipperi
0;0.00%;3019;cowardic
0;0.00%;3020;tend
0;0.00%;3022;state
0;0.00%;3023;tyre
0;0.00%;3024;crude
0;0.00%;3027;midnight
0;0.00%;3031;criticis
0;0.00%;3035;dislik
0;0.00%;3037;job
0;0.00%;3038;entir
0;0.00%;3039;spoil
0;0.00%;3040;jog
0;0.00%;3042;addit
0;0.00%;3043;bee
0;0.00%;3046;joke
0;0.00%;3047;la
0;0.00%;3048;equal
0;0.00%;3050;powerless
0;0.00%;3052;admit
0;0.00%;3053;instanc
0;0.00%;3056;section
0;0.00%;3057;freeli
0;0.00%;3058;jersey
0;0.00%;3059;comment
0;0.00%;3061;author
0;0.00%;3063;wall
0;0.00%;3065;arriv
0;0.00%;3066;walk
0;0.00%;3068;laugh
0;0.00%;3069;toler
0;0.00%;3070;cs
0;0.00%;3071;respect
0;0.00%;3072;maiz
0;0.00%;3073;withdrawn
0;0.00%;3074;unclean
0;0.00%;3077;creat
0;0.00%;3078;platform
0;0.00%;3079;decent
0;0.00%;3080;obstacl
0;0.00%;3083;drank
0;0.00%;3085;treat
0;0.00%;3091;neighbour
0;0.00%;3092;togeth
0;0.00%;3093;gottenburg
0;0.00%;3094;bull
0;0.00%;3095;ador
0;0.00%;3096;furnitur
0;0.00%;3098;arisen
0;0.00%;3099;statist
0;0.00%;3100;holiday
0;0.00%;3101;basket
0;0.00%;3102;carefre
0;0.00%;3105;harder
0;0.00%;3106;unpass
0;0.00%;3107;wild
0;0.00%;3108;howev
0;0.00%;3109;purchas
0;0.00%;3111;adulteri
0;0.00%;3112;almost
0;0.00%;3115;motiv
0;0.00%;3117;partner
0;0.00%;3118;greater
0;0.00%;3119;present
0;0.00%;3121;parti
0;0.00%;3123;cross
0;0.00%;3124;member
0;0.00%;3127;difficult
0;0.00%;3128;competit
0;0.00%;3129;prais
0;0.00%;3130;ball
0;0.00%;3131;structur
0;0.00%;3132;flesh
0;0.00%;3133;forgotten
0;0.00%;3134;upon
0;0.00%;3135;effect
0;0.00%;3136;coffe
0;0.00%;3137;sauna
0;0.00%;3138;initi
0;0.00%;3140;uni
0;0.00%;3141;judgment
0;0.00%;3142;gutter
0;0.00%;3143;center
0;0.00%;3145;nevertheless
0;0.00%;3146;shotgun
0;0.00%;3147;colour
0;0.00%;3148;pickpocket
0;0.00%;3149;well
0;0.00%;3151;exampl
0;0.00%;3152;command
0;0.00%;3154;sibl
0;0.00%;3155;latest
0;0.00%;3156;distanc
0;0.00%;3157;mangwana
0;0.00%;3158;maggot
0;0.00%;3159;half
0;0.00%;3162;gun
0;0.00%;3163;clinic
0;0.00%;3164;distant
0;0.00%;3165;heavili
0;0.00%;3167;hamburg
0;0.00%;3168;field
0;0.00%;3169;reprehend
0;0.00%;3171;lake
0;0.00%;3172;discuss
0;0.00%;3173;arrest
0;0.00%;3175;tax
0;0.00%;3176;ski
0;0.00%;3177;kick
0;0.00%;3178;confront
0;0.00%;3181;fate
0;0.00%;3183;piec
0;0.00%;3184;assert
0;0.00%;3185;lilongw
0;0.00%;3186;realiz
0;0.00%;3187;five
0;0.00%;3188;know
0;0.00%;3190;desk
0;0.00%;3191;press
0;0.00%;3192;realis
0;0.00%;3193;name
0;0.00%;3194;insert
0;0.00%;3195;resid
0;0.00%;3197;success
0;0.00%;3198;incred
0;0.00%;3199;sofa
0;0.00%;3200;fractur
0;0.00%;3201;clown
0;0.00%;3202;crise
0;0.00%;3203;necessari
0;0.00%;3205;neuropsycholog
0;0.00%;3208;distroy
0;0.00%;3209;shed
0;0.00%;3211;suppli
0;0.00%;3214;daylight
0;0.00%;3216;shabbi
0;0.00%;3217;convey
0;0.00%;3220;faint
0;0.00%;3221;thiev
0;0.00%;3224;trust
0;0.00%;3225;leaf
0;0.00%;3226;unsavouri
0;0.00%;3227;lead
0;0.00%;3228;broad
0;0.00%;3229;avoid
0;0.00%;3232;sustain
0;0.00%;3233;leav
0;0.00%;3234;settl
0;0.00%;3236;nake
0;0.00%;3240;investig
0;0.00%;3241;obey
0;0.00%;3243;journal
0;0.00%;3244;noisi
0;0.00%;3245;host
0;0.00%;3246;unsuccess
0;0.00%;3247;although
0;0.00%;3248;repair
0;0.00%;3249;refuge
0;0.00%;3251;sister
0;0.00%;3252;misbehav
0;0.00%;3253;rare
0;0.00%;3254;interven
0;0.00%;3255;column
0;0.00%;3256;freedom
0;0.00%;3257;biscuit
0;0.00%;3258;documentari
0;0.00%;3261;swear
0;0.00%;3262;indiffer
0;0.00%;3263;desper
0;0.00%;3268;chronic
0;0.00%;3269;guard
0;0.00%;3270;weather
0;0.00%;3271;lung
0;0.00%;3275;bombay
0;0.00%;3276;invad
0;0.00%;3277;van
0;0.00%;3279;pictur
0;0.00%;3280;indira
0;0.00%;3283;appl
0;0.00%;3284;hassl
0;0.00%;3285;cowork
0;0.00%;3290;buy
0;0.00%;3291;north
0;0.00%;3293;unexpect
0;0.00%;3294;granni
0;0.00%;3296;shyness
0;0.00%;3297;hk
0;0.00%;3298;bodi
0;0.00%;3299;bun
0;0.00%;3300;gain
0;0.00%;3301;bum
0;0.00%;3304;eat
0;0.00%;3306;made
0;0.00%;3309;seiz
0;0.00%;3311;record
0;0.00%;3312;cruel
0;0.00%;3313;belov
0;0.00%;3314;limit
0;0.00%;3316;cake
0;0.00%;3317;swindl
0;0.00%;3321;subordin
0;0.00%;3322;foster
0;0.00%;3324;immobil
0;0.00%;3326;whisper
0;0.00%;3328;meaningless
0;0.00%;3329;pig
0;0.00%;3333;circul
0;0.00%;3334;pit
0;0.00%;3335;girl
0;0.00%;3337;mutual
0;0.00%;3338;torch
0;0.00%;3339;loud
0;0.00%;3341;guidanc
0;0.00%;3342;detail
0;0.00%;3343;detain
0;0.00%;3344;saviour
0;0.00%;3345;old
0;0.00%;3346;book
0;0.00%;3347;headmistress
0;0.00%;3348;futur
0;0.00%;3349;branch
0;0.00%;3351;expel
0;0.00%;3352;chemist
0;0.00%;3353;pension
0;0.00%;3355;childishli
0;0.00%;3356;star
0;0.00%;3358;forgiv
0;0.00%;3359;stay
0;0.00%;3360;stab
0;0.00%;3361;decemb
0;0.00%;3364;appoint
0;0.00%;3366;experienc
0;0.00%;3367;opera
0;0.00%;3368;incompet
0;0.00%;3372;understand
0;0.00%;3373;yell
0;0.00%;3374;defend
0;0.00%;3375;spaulo
