10;100.00%;547;asham
10;100.00%;759;happi
10;100.00%;947;guilti
10;100.00%;969;angri
10;100.00%;1234;sad
10;100.00%;1500;death
10;100.00%;1771;pass
10;100.00%;1983;die
10;100.00%;2217;won
10;100.00%;2683;disgust
10;100.00%;2855;scare
10;100.00%;2913;afraid
10;100.00%;3044;joy
10;100.00%;3266;fear
9;90.00%;16;accus
9;90.00%;1239;anger
9;90.00%;1858;glad
9;90.00%;3090;shame
8;80.00%;324;caught
8;80.00%;1242;saw
7;70.00%;1779;advanc
7;70.00%;2590;homework
6;60.00%;686;night
6;60.00%;698;born
6;60.00%;1881;accept
6;60.00%;2480;long
6;60.00%;3307;eat
5;50.00%;639;mother
5;50.00%;832;grief
5;50.00%;949;love
5;50.00%;988;car
5;50.00%;2271;threaten
5;50.00%;2621;rotten
4;40.00%;2027;ask
4;40.00%;2114;lie
4;40.00%;2240;detest
4;40.00%;2523;spontan
4;40.00%;3062;admit
3;30.00%;254;promis
3;30.00%;643;left
3;30.00%;974;peopl
3;30.00%;1056;offend
3;30.00%;1936;help
3;30.00%;2465;univers
3;30.00%;3242;leader
2;20.00%;58;street
2;20.00%;86;china
2;20.00%;124;insult
2;20.00%;155;worm
2;20.00%;197;befor
2;20.00%;370;guilt
2;20.00%;380;seen
2;20.00%;860;decid
2;20.00%;936;boast
2;20.00%;1110;separ
2;20.00%;1124;prostitut
2;20.00%;1202;friend
2;20.00%;1522;dark
2;20.00%;1597;road
2;20.00%;1625;enough
2;20.00%;2583;drunk
1;10.00%;10;asian
1;10.00%;137;hurt
1;10.00%;213;receiv
1;10.00%;285;forgot
1;10.00%;301;got
1;10.00%;392;anatomi
1;10.00%;403;mouth
1;10.00%;416;professor
1;10.00%;563;spit
1;10.00%;705;ici
1;10.00%;710;ice
1;10.00%;716;cockroach
1;10.00%;779;roommat
1;10.00%;938;examn
1;10.00%;1100;hall
1;10.00%;1164;first
1;10.00%;1228;mountain
1;10.00%;1255;destroy
1;10.00%;1311;black
1;10.00%;1314;nearli
1;10.00%;1407;overjoy
1;10.00%;1574;late
1;10.00%;1634;dirti
1;10.00%;1661;girlfriend
1;10.00%;1665;film
1;10.00%;1784;public
1;10.00%;1918;blood
1;10.00%;2081;relationship
1;10.00%;2238;alon
1;10.00%;2377;cue
1;10.00%;2379;win
1;10.00%;2442;bu
1;10.00%;2646;opinion
1;10.00%;2687;frighten
1;10.00%;2690;rubbish
1;10.00%;2878;man
1;10.00%;2889;bother
1;10.00%;3128;present
0;0.00%;1;candidatur
0;0.00%;2;crude
0;0.00%;3;hatr
0;0.00%;4;bear
0;0.00%;5;foul
0;0.00%;6;poorli
0;0.00%;7;four
0;0.00%;8;protest
0;0.00%;9;sleep
0;0.00%;11;chico
0;0.00%;12;oldest
0;0.00%;13;hate
0;0.00%;14;forget
0;0.00%;15;whose
0;0.00%;17;instructor
0;0.00%;18;swam
0;0.00%;19;sorri
0;0.00%;20;scold
0;0.00%;21;bike
0;0.00%;22;lord
0;0.00%;23;pride
0;0.00%;24;worth
0;0.00%;25;playground
0;0.00%;26;lack
0;0.00%;27;everi
0;0.00%;28;risk
0;0.00%;29;blanket
0;0.00%;30;rise
0;0.00%;31;voic
0;0.00%;32;tenni
0;0.00%;33;arous
0;0.00%;34;govern
0;0.00%;35;appar
0;0.00%;36;month
0;0.00%;37;senil
0;0.00%;38;disturb
0;0.00%;39;usa
0;0.00%;40;prize
0;0.00%;41;flatmat
0;0.00%;42;wooden
0;0.00%;43;pinch
0;0.00%;44;wednesday
0;0.00%;45;factori
0;0.00%;46;faec
0;0.00%;47;math
0;0.00%;48;servic
0;0.00%;49;enjoy
0;0.00%;50;bill
0;0.00%;51;rustl
0;0.00%;52;naiv
0;0.00%;53;seper
0;0.00%;54;request
0;0.00%;55;nail
0;0.00%;56;consequ
0;0.00%;57;second
0;0.00%;59;may
0;0.00%;60;follow
0;0.00%;61;overdu
0;0.00%;62;kidnap
0;0.00%;63;even
0;0.00%;64;supervis
0;0.00%;65;captain
0;0.00%;66;hide
0;0.00%;67;christ
0;0.00%;68;neg
0;0.00%;69;amus
0;0.00%;70;asid
0;0.00%;71;near
0;0.00%;72;asia
0;0.00%;73;conduct
0;0.00%;74;marriag
0;0.00%;75;ever
0;0.00%;76;liberti
0;0.00%;77;told
0;0.00%;78;specialist
0;0.00%;79;afterward
0;0.00%;80;behavior
0;0.00%;81;join
0;0.00%;82;men
0;0.00%;83;lodg
0;0.00%;84;drew
0;0.00%;85;met
0;0.00%;87;dorm
0;0.00%;88;brigad
0;0.00%;89;pleasur
0;0.00%;90;enrol
0;0.00%;91;unjustifi
0;0.00%;92;daughter
0;0.00%;93;militari
0;0.00%;94;k
0;0.00%;95;everyon
0;0.00%;96;dri
0;0.00%;97;gymnast
0;0.00%;98;harass
0;0.00%;99;smoke
0;0.00%;100;permit
0;0.00%;101;studi
0;0.00%;102;fell
0;0.00%;103;tremend
0;0.00%;104;lavatori
0;0.00%;105;imposs
0;0.00%;106;volunt
0;0.00%;107;newspap
0;0.00%;108;reagan
0;0.00%;109;seven
0;0.00%;110;brought
0;0.00%;111;attitud
0;0.00%;112;garag
0;0.00%;113;moral
0;0.00%;114;hindsight
0;0.00%;115;total
0;0.00%;116;angrili
0;0.00%;117;unit
0;0.00%;118;highli
0;0.00%;119;overhear
0;0.00%;120;spoke
0;0.00%;121;would
0;0.00%;122;reprov
0;0.00%;123;lorri
0;0.00%;125;concret
0;0.00%;126;music
0;0.00%;127;calm
0;0.00%;128;recommend
0;0.00%;129;strike
0;0.00%;130;rattl
0;0.00%;131;tell
0;0.00%;132;relay
0;0.00%;133;relax
0;0.00%;134;remark
0;0.00%;135;relat
0;0.00%;136;notic
0;0.00%;138;warn
0;0.00%;139;glass
0;0.00%;140;warm
0;0.00%;141;grandfath
0;0.00%;142;adult
0;0.00%;143;hole
0;0.00%;144;hold
0;0.00%;145;origin
0;0.00%;146;must
0;0.00%;147;shoot
0;0.00%;148;accid
0;0.00%;149;ma
0;0.00%;150;insignific
0;0.00%;151;restor
0;0.00%;152;neglig
0;0.00%;153;work
0;0.00%;154;consciou
0;0.00%;156;roof
0;0.00%;157;locker
0;0.00%;158;wors
0;0.00%;159;norm
0;0.00%;160;postgradu
0;0.00%;161;mr
0;0.00%;162;im
0;0.00%;163;shook
0;0.00%;164;give
0;0.00%;165;unjust
0;0.00%;166;jesu
0;0.00%;167;india
0;0.00%;168;indic
0;0.00%;169;cautiou
0;0.00%;170;defec
0;0.00%;171;overheard
0;0.00%;172;raini
0;0.00%;173;want
0;0.00%;174;basebal
0;0.00%;175;unavoid
0;0.00%;176;attract
0;0.00%;177;motion
0;0.00%;178;end
0;0.00%;179;santand
0;0.00%;180;turn
0;0.00%;181;polic
0;0.00%;182;travel
0;0.00%;183;classifi
0;0.00%;184;ceremoni
0;0.00%;185;far
0;0.00%;186;hot
0;0.00%;187;disappear
0;0.00%;188;interview
0;0.00%;189;disappoint
0;0.00%;190;beach
0;0.00%;191;polit
0;0.00%;192;recogn
0;0.00%;193;mess
0;0.00%;194;chines
0;0.00%;195;earlier
0;0.00%;196;lump
0;0.00%;198;wrong
0;0.00%;199;lay
0;0.00%;200;beauti
0;0.00%;201;law
0;0.00%;202;lap
0;0.00%;203;demonstr
0;0.00%;204;principl
0;0.00%;205;domin
0;0.00%;206;third
0;0.00%;207;helsinki
0;0.00%;208;revolt
0;0.00%;209;spous
0;0.00%;210;greet
0;0.00%;211;neglect
0;0.00%;212;detent
0;0.00%;214;maintain
0;0.00%;215;green
0;0.00%;216;enter
0;0.00%;217;exclus
0;0.00%;218;greec
0;0.00%;219;order
0;0.00%;220;wind
0;0.00%;221;wine
0;0.00%;222;oper
0;0.00%;223;carnav
0;0.00%;224;composit
0;0.00%;225;feedback
0;0.00%;226;incit
0;0.00%;227;diagnos
0;0.00%;228;consent
0;0.00%;229;offici
0;0.00%;230;failur
0;0.00%;231;becaus
0;0.00%;232;alway
0;0.00%;233;privileg
0;0.00%;234;incid
0;0.00%;235;affect
0;0.00%;236;junior
0;0.00%;237;fit
0;0.00%;238;fix
0;0.00%;239;better
0;0.00%;240;offic
0;0.00%;241;fade
0;0.00%;242;persist
0;0.00%;243;hidden
0;0.00%;244;inconsider
0;0.00%;245;fim
0;0.00%;246;anim
0;0.00%;247;therapi
0;0.00%;248;woken
0;0.00%;249;safe
0;0.00%;250;school
0;0.00%;251;break
0;0.00%;252;band
0;0.00%;253;bang
0;0.00%;255;crib
0;0.00%;256;interrupt
0;0.00%;257;sixteen
0;0.00%;258;silver
0;0.00%;259;bank
0;0.00%;260;bread
0;0.00%;261;rumour
0;0.00%;262;gloom
0;0.00%;263;meat
0;0.00%;264;arrog
0;0.00%;265;ssc
0;0.00%;266;hemorrhag
0;0.00%;267;choir
0;0.00%;268;luca
0;0.00%;269;roast
0;0.00%;270;went
0;0.00%;271;oblig
0;0.00%;272;side
0;0.00%;273;mean
0;0.00%;274;prohibit
0;0.00%;275;hitchhik
0;0.00%;276;expuls
0;0.00%;277;list
0;0.00%;278;enorm
0;0.00%;279;unscrew
0;0.00%;280;spider
0;0.00%;281;tip
0;0.00%;282;calmli
0;0.00%;283;taught
0;0.00%;284;fortnight
0;0.00%;286;capac
0;0.00%;287;dawn
0;0.00%;288;ward
0;0.00%;289;saturday
0;0.00%;290;whip
0;0.00%;291;hostel
0;0.00%;292;depress
0;0.00%;293;goe
0;0.00%;294;god
0;0.00%;295;ha
0;0.00%;296;tonsil
0;0.00%;297;content
0;0.00%;298;fellowship
0;0.00%;299;adapt
0;0.00%;300;check
0;0.00%;302;pullov
0;0.00%;303;gate
0;0.00%;304;worthwhil
0;0.00%;305;rail
0;0.00%;306;nightmar
0;0.00%;307;situat
0;0.00%;308;given
0;0.00%;309;free
0;0.00%;310;standard
0;0.00%;311;rain
0;0.00%;312;admitt
0;0.00%;313;christma
0;0.00%;314;allerg
0;0.00%;315;ate
0;0.00%;316;sunshin
0;0.00%;317;suburb
0;0.00%;318;malici
0;0.00%;319;lout
0;0.00%;320;local
0;0.00%;321;unabl
0;0.00%;322;startl
0;0.00%;323;confus
0;0.00%;325;fantasi
0;0.00%;326;rang
0;0.00%;327;grade
0;0.00%;328;accent
0;0.00%;329;independ
0;0.00%;330;wast
0;0.00%;331;rank
0;0.00%;332;necess
0;0.00%;333;restrict
0;0.00%;334;wash
0;0.00%;335;instruct
0;0.00%;336;naughti
0;0.00%;337;thick
0;0.00%;338;ditch
0;0.00%;339;primari
0;0.00%;340;bitten
0;0.00%;341;sourc
0;0.00%;342;toy
0;0.00%;343;acquaint
0;0.00%;344;top
0;0.00%;345;sometim
0;0.00%;346;sarcast
0;0.00%;347;master
0;0.00%;348;cassett
0;0.00%;349;john
0;0.00%;350;selfcontrol
0;0.00%;351;listen
0;0.00%;352;murder
0;0.00%;353;circl
0;0.00%;354;took
0;0.00%;355;direct
0;0.00%;356;somewhat
0;0.00%;357;conserv
0;0.00%;358;happili
0;0.00%;359;furlough
0;0.00%;360;crawl
0;0.00%;361;peculiar
0;0.00%;362;silli
0;0.00%;363;provid
0;0.00%;364;hike
0;0.00%;365;tree
0;0.00%;366;hors
0;0.00%;367;project
0;0.00%;368;merci
0;0.00%;369;anxieti
0;0.00%;371;cruelli
0;0.00%;372;iron
0;0.00%;373;minut
0;0.00%;374;fashion
0;0.00%;375;ran
0;0.00%;376;mind
0;0.00%;377;mine
0;0.00%;378;rat
0;0.00%;379;manner
0;0.00%;381;seem
0;0.00%;382;seminar
0;0.00%;383;dozen
0;0.00%;384;irrevoc
0;0.00%;385;cope
0;0.00%;386;snow
0;0.00%;387;overtook
0;0.00%;388;guineapig
0;0.00%;389;chess
0;0.00%;390;thoroughli
0;0.00%;391;greatest
0;0.00%;393;blue
0;0.00%;394;crippl
0;0.00%;395;germani
0;0.00%;396;withdraw
0;0.00%;397;lion
0;0.00%;398;shall
0;0.00%;399;object
0;0.00%;400;quit
0;0.00%;401;unknowingli
0;0.00%;402;volleybal
0;0.00%;404;addict
0;0.00%;405;letter
0;0.00%;406;drought
0;0.00%;407;coin
0;0.00%;408;grave
0;0.00%;409;glow
0;0.00%;410;tradit
0;0.00%;411;hut
0;0.00%;412;singer
0;0.00%;413;excus
0;0.00%;414;unexplain
0;0.00%;415;unpleas
0;0.00%;417;camp
0;0.00%;418;m
0;0.00%;419;dog
0;0.00%;420;hospit
0;0.00%;421;freeway
0;0.00%;422;stupid
0;0.00%;423;aunt
0;0.00%;424;detriment
0;0.00%;425;scream
0;0.00%;426;came
0;0.00%;427;beaten
0;0.00%;428;bomb
0;0.00%;429;impolit
0;0.00%;430;opposit
0;0.00%;431;radio
0;0.00%;432;poison
0;0.00%;433;nephew
0;0.00%;434;australian
0;0.00%;435;involv
0;0.00%;436;despit
0;0.00%;437;joyou
0;0.00%;438;despis
0;0.00%;439;explain
0;0.00%;440;restaur
0;0.00%;441;sugar
0;0.00%;442;bush
0;0.00%;443;busi
0;0.00%;444;rich
0;0.00%;445;mend
0;0.00%;446;plate
0;0.00%;447;seclud
0;0.00%;448;nasti
0;0.00%;449;stop
0;0.00%;450;fluid
0;0.00%;451;weari
0;0.00%;452;coast
0;0.00%;453;pocket
0;0.00%;454;spirit
0;0.00%;455;new
0;0.00%;456;report
0;0.00%;457;happiest
0;0.00%;458;relish
0;0.00%;459;earn
0;0.00%;460;bar
0;0.00%;461;piggi
0;0.00%;462;noon
0;0.00%;463;bay
0;0.00%;464;bag
0;0.00%;465;bad
0;0.00%;466;egoist
0;0.00%;467;septemb
0;0.00%;468;steal
0;0.00%;469;respond
0;0.00%;470;blew
0;0.00%;471;human
0;0.00%;472;fair
0;0.00%;473;habit
0;0.00%;474;dustbin
0;0.00%;475;liquor
0;0.00%;476;light
0;0.00%;477;resist
0;0.00%;478;unworthi
0;0.00%;479;result
0;0.00%;480;respons
0;0.00%;481;fail
0;0.00%;482;themselv
0;0.00%;483;inadvertantli
0;0.00%;484;charact
0;0.00%;485;best
0;0.00%;486;subject
0;0.00%;487;awar
0;0.00%;488;said
0;0.00%;489;onto
0;0.00%;490;rare
0;0.00%;491;away
0;0.00%;492;sail
0;0.00%;493;gentleman
0;0.00%;494;yet
0;0.00%;495;mud
0;0.00%;496;figur
0;0.00%;497;score
0;0.00%;498;finger
0;0.00%;499;mchesi
0;0.00%;500;awak
0;0.00%;501;drawn
0;0.00%;502;approach
0;0.00%;503;inabl
0;0.00%;504;lazy
0;0.00%;505;never
0;0.00%;506;wa
0;0.00%;507;weak
0;0.00%;508;metal
0;0.00%;509;boss
0;0.00%;510;lazi
0;0.00%;511;wear
0;0.00%;512;extent
0;0.00%;513;intox
0;0.00%;514;toler
0;0.00%;515;roller
0;0.00%;516;kitchen
0;0.00%;517;unfound
0;0.00%;518;protect
0;0.00%;519;accident
0;0.00%;520;expos
0;0.00%;521;cow
0;0.00%;522;fault
0;0.00%;523;ill
0;0.00%;524;piti
0;0.00%;525;bet
0;0.00%;526;shopassist
0;0.00%;527;countri
0;0.00%;528;uncertainti
0;0.00%;529;epilept
0;0.00%;530;compromis
0;0.00%;531;suggest
0;0.00%;532;assur
0;0.00%;533;vain
0;0.00%;534;anf
0;0.00%;535;height
0;0.00%;536;whisper
0;0.00%;537;theoret
0;0.00%;538;path
0;0.00%;539;news
0;0.00%;540;guid
0;0.00%;541;assum
0;0.00%;542;hitler
0;0.00%;543;speak
0;0.00%;544;brisban
0;0.00%;545;bathroom
0;0.00%;546;reveng
0;0.00%;548;union
0;0.00%;549;fri
0;0.00%;550;three
0;0.00%;551;accumul
0;0.00%;552;beer
0;0.00%;553;much
0;0.00%;554;interpret
0;0.00%;555;stadium
0;0.00%;556;basic
0;0.00%;557;assult
0;0.00%;558;hesit
0;0.00%;559;threw
0;0.00%;560;life
0;0.00%;561;regul
0;0.00%;562;deeper
0;0.00%;564;mce
0;0.00%;565;dismiss
0;0.00%;566;worker
0;0.00%;567;bladder
0;0.00%;568;ani
0;0.00%;569;lift
0;0.00%;570;slap
0;0.00%;571;child
0;0.00%;572;catch
0;0.00%;573;deepen
0;0.00%;574;overtak
0;0.00%;575;inattent
0;0.00%;576;physician
0;0.00%;577;ident
0;0.00%;578;dissect
0;0.00%;579;properti
0;0.00%;580;air
0;0.00%;581;employ
0;0.00%;582;calcul
0;0.00%;583;abrupt
0;0.00%;584;thrash
0;0.00%;585;aid
0;0.00%;586;vagu
0;0.00%;587;meddl
0;0.00%;588;stink
0;0.00%;589;dizzi
0;0.00%;590;conductor
0;0.00%;591;cano
0;0.00%;592;theatr
0;0.00%;593;ii
0;0.00%;594;player
0;0.00%;595;cant
0;0.00%;596;brake
0;0.00%;597;succed
0;0.00%;598;ie
0;0.00%;599;id
0;0.00%;600;sever
0;0.00%;601;grown
0;0.00%;602;precis
0;0.00%;603;growl
0;0.00%;604;soldier
0;0.00%;605;perform
0;0.00%;606;nazi
0;0.00%;607;make
0;0.00%;608;wound
0;0.00%;609;airport
0;0.00%;610;blantyr
0;0.00%;611;dean
0;0.00%;612;complex
0;0.00%;613;split
0;0.00%;614;jungl
0;0.00%;615;complet
0;0.00%;616;wheel
0;0.00%;617;bacaus
0;0.00%;618;raid
0;0.00%;619;fuss
0;0.00%;620;swell
0;0.00%;621;pick
0;0.00%;622;hang
0;0.00%;623;evil
0;0.00%;624;hand
0;0.00%;625;delight
0;0.00%;626;fairli
0;0.00%;627;rais
0;0.00%;628;supper
0;0.00%;629;kid
0;0.00%;630;butter
0;0.00%;631;hearti
0;0.00%;632;kept
0;0.00%;633;thu
0;0.00%;634;drip
0;0.00%;635;inherit
0;0.00%;636;contact
0;0.00%;637;wherebi
0;0.00%;638;thi
0;0.00%;640;programm
0;0.00%;641;everyth
0;0.00%;642;campu
0;0.00%;644;unfair
0;0.00%;645;rous
0;0.00%;646;psych
0;0.00%;647;victim
0;0.00%;648;sleepi
0;0.00%;649;impregn
0;0.00%;650;languag
0;0.00%;651;previous
0;0.00%;652;easi
0;0.00%;653;schhol
0;0.00%;654;sensat
0;0.00%;655;shout
0;0.00%;656;spread
0;0.00%;657;minibu
0;0.00%;658;board
0;0.00%;659;prison
0;0.00%;660;cherri
0;0.00%;661;east
0;0.00%;662;gave
0;0.00%;663;opt
0;0.00%;664;applic
0;0.00%;665;mayb
0;0.00%;666;preserv
0;0.00%;667;regard
0;0.00%;668;leagu
0;0.00%;669;birth
0;0.00%;670;offenc
0;0.00%;671;dreamt
0;0.00%;672;shadow
0;0.00%;673;burnt
0;0.00%;674;athlet
0;0.00%;675;apart
0;0.00%;676;shoulder
0;0.00%;677;measur
0;0.00%;678;gift
0;0.00%;679;specif
0;0.00%;680;hunt
0;0.00%;681;dishonest
0;0.00%;682;stroke
0;0.00%;683;remind
0;0.00%;684;pavement
0;0.00%;685;confid
0;0.00%;687;hung
0;0.00%;688;oncom
0;0.00%;689;indefin
0;0.00%;690;unnecessari
0;0.00%;691;right
0;0.00%;692;old
0;0.00%;693;crowd
0;0.00%;694;flatter
0;0.00%;695;deaf
0;0.00%;696;somehow
0;0.00%;697;dead
0;0.00%;699;intern
0;0.00%;700;stepmoth
0;0.00%;701;dear
0;0.00%;702;bore
0;0.00%;703;elderli
0;0.00%;704;fot
0;0.00%;706;cooper
0;0.00%;707;bottom
0;0.00%;708;inhuman
0;0.00%;709;arthur
0;0.00%;711;eleph
0;0.00%;712;fog
0;0.00%;713;overcom
0;0.00%;714;condit
0;0.00%;715;overcook
0;0.00%;717;hsc
0;0.00%;718;plu
0;0.00%;719;peel
0;0.00%;720;discord
0;0.00%;721;tour
0;0.00%;722;insecur
0;0.00%;723;pose
0;0.00%;724;confer
0;0.00%;725;colleg
0;0.00%;726;unreason
0;0.00%;727;peer
0;0.00%;728;peep
0;0.00%;729;describ
0;0.00%;730;rebuk
0;0.00%;731;conceal
0;0.00%;732;abdomin
0;0.00%;733;slightli
0;0.00%;734;literatur
0;0.00%;735;surround
0;0.00%;736;unfortun
0;0.00%;737;trophi
0;0.00%;738;festiv
0;0.00%;739;dinner
0;0.00%;740;afternoon
0;0.00%;741;commit
0;0.00%;742;produc
0;0.00%;743;champagn
0;0.00%;744;bath
0;0.00%;745;discont
0;0.00%;746;froze
0;0.00%;747;curiou
0;0.00%;748;profession
0;0.00%;749;bound
0;0.00%;750;curios
0;0.00%;751;pair
0;0.00%;752;opportun
0;0.00%;753;cafeteria
0;0.00%;754;deal
0;0.00%;755;suffici
0;0.00%;756;frustrat
0;0.00%;757;support
0;0.00%;758;closur
0;0.00%;760;avail
0;0.00%;761;imit
0;0.00%;762;reli
0;0.00%;763;fought
0;0.00%;764;way
0;0.00%;765;acknowledg
0;0.00%;766;call
0;0.00%;767;constantli
0;0.00%;768;jealousi
0;0.00%;769;war
0;0.00%;770;lowest
0;0.00%;771;head
0;0.00%;772;form
0;0.00%;773;offer
0;0.00%;774;forc
0;0.00%;775;armi
0;0.00%;776;back
0;0.00%;777;cottag
0;0.00%;778;heat
0;0.00%;780;heap
0;0.00%;781;TRUE
0;0.00%;782;absent
0;0.00%;783;slope
0;0.00%;784;type
0;0.00%;785;utensil
0;0.00%;786;absenc
0;0.00%;787;retir
0;0.00%;788;featur
0;0.00%;789;undeservedli
0;0.00%;790;kilometr
0;0.00%;791;upset
0;0.00%;792;nobodi
0;0.00%;793;tournament
0;0.00%;794;diagnosi
0;0.00%;795;textbook
0;0.00%;796;drive
0;0.00%;797;brightli
0;0.00%;798;exist
0;0.00%;799;desir
0;0.00%;800;ship
0;0.00%;801;landladi
0;0.00%;802;dealer
0;0.00%;803;unfairli
0;0.00%;804;floor
0;0.00%;805;interst
0;0.00%;806;stake
0;0.00%;807;excel
0;0.00%;808;actor
0;0.00%;809;flood
0;0.00%;810;nz
0;0.00%;811;role
0;0.00%;812;test
0;0.00%;813;syjc
0;0.00%;814;unwilling
0;0.00%;815;depot
0;0.00%;816;smell
0;0.00%;817;roll
0;0.00%;818;realiti
0;0.00%;819;notif
0;0.00%;820;intend
0;0.00%;821;determin
0;0.00%;822;handicap
0;0.00%;823;devot
0;0.00%;824;felt
0;0.00%;825;diet
0;0.00%;826;journey
0;0.00%;827;intent
0;0.00%;828;award
0;0.00%;829;consid
0;0.00%;830;entrust
0;0.00%;831;weekend
0;0.00%;833;femal
0;0.00%;834;longer
0;0.00%;835;potato
0;0.00%;836;carriag
0;0.00%;837;vietnam
0;0.00%;838;ignor
0;0.00%;839;time
0;0.00%;840;push
0;0.00%;841;serious
0;0.00%;842;backward
0;0.00%;843;daili
0;0.00%;844;soror
0;0.00%;845;breadth
0;0.00%;846;coach
0;0.00%;847;broke
0;0.00%;848;chain
0;0.00%;849;brotherinlaw
0;0.00%;850;rob
0;0.00%;851;consum
0;0.00%;852;eldest
0;0.00%;853;invent
0;0.00%;854;mild
0;0.00%;855;skate
0;0.00%;856;skin
0;0.00%;857;chair
0;0.00%;858;skid
0;0.00%;859;row
0;0.00%;861;middl
0;0.00%;862;depend
0;0.00%;863;flash
0;0.00%;864;father
0;0.00%;865;environment
0;0.00%;866;cheat
0;0.00%;867;certainli
0;0.00%;868;decis
0;0.00%;869;fuvest
0;0.00%;870;terror
0;0.00%;871;sociolog
0;0.00%;872;vet
0;0.00%;873;unfamiliar
0;0.00%;874;kitten
0;0.00%;875;cook
0;0.00%;876;word
0;0.00%;877;intercolleg
0;0.00%;878;exact
0;0.00%;879;room
0;0.00%;880;din
0;0.00%;881;hour
0;0.00%;882;administr
0;0.00%;883;level
0;0.00%;884;tear
0;0.00%;885;teas
0;0.00%;886;reconcil
0;0.00%;887;defacto
0;0.00%;888;p
0;0.00%;889;anniversari
0;0.00%;890;brothel
0;0.00%;891;team
0;0.00%;892;quick
0;0.00%;893;guy
0;0.00%;894;round
0;0.00%;895;prevent
0;0.00%;896;regret
0;0.00%;897;precipic
0;0.00%;898;conced
0;0.00%;899;sign
0;0.00%;900;everytim
0;0.00%;901;cost
0;0.00%;902;patient
0;0.00%;903;helpless
0;0.00%;904;molest
0;0.00%;905;appear
0;0.00%;906;currenc
0;0.00%;907;texa
0;0.00%;908;dishonestli
0;0.00%;909;favour
0;0.00%;910;melt
0;0.00%;911;uniform
0;0.00%;912;current
0;0.00%;913;health
0;0.00%;914;suspect
0;0.00%;915;convoc
0;0.00%;916;kilomet
0;0.00%;917;regatta
0;0.00%;918;burn
0;0.00%;919;defici
0;0.00%;920;guardian
0;0.00%;921;gener
0;0.00%;922;french
0;0.00%;923;rug
0;0.00%;924;satisfi
0;0.00%;925;snack
0;0.00%;926;witch
0;0.00%;927;address
0;0.00%;928;locat
0;0.00%;929;along
0;0.00%;930;schoolmat
0;0.00%;931;teacher
0;0.00%;932;wait
0;0.00%;933;box
0;0.00%;934;boy
0;0.00%;935;fenc
0;0.00%;937;invit
0;0.00%;939;shift
0;0.00%;940;proud
0;0.00%;941;queue
0;0.00%;942;behav
0;0.00%;943;healthi
0;0.00%;944;extrem
0;0.00%;945;interact
0;0.00%;946;quarrel
0;0.00%;948;ourselv
0;0.00%;950;extra
0;0.00%;951;prefer
0;0.00%;952;swerv
0;0.00%;953;leav
0;0.00%;954;crosscountri
0;0.00%;955;post
0;0.00%;956;market
0;0.00%;957;bloodi
0;0.00%;958;paralys
0;0.00%;959;henri
0;0.00%;960;prove
0;0.00%;961;sake
0;0.00%;962;thre
0;0.00%;963;visit
0;0.00%;964;punctur
0;0.00%;965;impos
0;0.00%;966;everybodi
0;0.00%;967;live
0;0.00%;968;tape
0;0.00%;970;msc
0;0.00%;971;today
0;0.00%;972;riot
0;0.00%;973;afford
0;0.00%;975;downtown
0;0.00%;976;drown
0;0.00%;977;rigid
0;0.00%;978;unconsci
0;0.00%;979;menstruat
0;0.00%;980;envelopp
0;0.00%;981;socal
0;0.00%;982;effort
0;0.00%;983;piano
0;0.00%;984;behalf
0;0.00%;985;religi
0;0.00%;986;demolish
0;0.00%;987;suffoc
0;0.00%;989;prepar
0;0.00%;990;pretend
0;0.00%;991;judg
0;0.00%;992;soul
0;0.00%;993;cat
0;0.00%;994;fli
0;0.00%;995;wallet
0;0.00%;996;whatev
0;0.00%;997;inadequ
0;0.00%;998;cal
0;0.00%;999;purpos
0;0.00%;1000;heart
0;0.00%;1001;favourit
0;0.00%;1002;stream
0;0.00%;1003;predict
0;0.00%;1004;fuck
0;0.00%;1005;choke
0;0.00%;1006;topic
0;0.00%;1007;heard
0;0.00%;1008;crazi
0;0.00%;1009;abort
0;0.00%;1010;patern
0;0.00%;1011;council
0;0.00%;1012;stole
0;0.00%;1013;occur
0;0.00%;1014;lusaka
0;0.00%;1015;purs
0;0.00%;1016;winter
0;0.00%;1017;write
0;0.00%;1018;till
0;0.00%;1019;ventil
0;0.00%;1020;vital
0;0.00%;1021;anyon
0;0.00%;1022;pure
0;0.00%;1023;lifesav
0;0.00%;1024;tile
0;0.00%;1025;adventur
0;0.00%;1026;map
0;0.00%;1027;intrud
0;0.00%;1028;maggot
0;0.00%;1029;dive
0;0.00%;1030;shoplift
0;0.00%;1031;spot
0;0.00%;1032;motorway
0;0.00%;1033;birthday
0;0.00%;1034;exhibitionist
0;0.00%;1035;mad
0;0.00%;1036;date
0;0.00%;1037;suck
0;0.00%;1038;maryhuana
0;0.00%;1039;grow
0;0.00%;1040;selfconfid
0;0.00%;1041;classroom
0;0.00%;1042;stress
0;0.00%;1043;neck
0;0.00%;1044;liquid
0;0.00%;1045;conscious
0;0.00%;1046;goal
0;0.00%;1047;favorit
0;0.00%;1048;st
0;0.00%;1049;mangl
0;0.00%;1050;inform
0;0.00%;1051;switch
0;0.00%;1052;truck
0;0.00%;1053;crept
0;0.00%;1054;unoffici
0;0.00%;1055;swollen
0;0.00%;1057;battl
0;0.00%;1058;ordinari
0;0.00%;1059;se
0;0.00%;1060;irrat
0;0.00%;1061;drunken
0;0.00%;1062;cute
0;0.00%;1063;anticip
0;0.00%;1064;gradual
0;0.00%;1065;footstep
0;0.00%;1066;approv
0;0.00%;1067;sisterinlaw
0;0.00%;1068;telephon
0;0.00%;1069;lyric
0;0.00%;1070;shake
0;0.00%;1071;equip
0;0.00%;1072;cold
0;0.00%;1073;still
0;0.00%;1074;aw
0;0.00%;1075;bacam
0;0.00%;1076;disconnect
0;0.00%;1077;thank
0;0.00%;1078;passag
0;0.00%;1079;torn
0;0.00%;1080;instantli
0;0.00%;1081;maid
0;0.00%;1082;window
0;0.00%;1083;requir
0;0.00%;1084;main
0;0.00%;1085;norway
0;0.00%;1086;non
0;0.00%;1087;evok
0;0.00%;1088;recal
0;0.00%;1089;financi
0;0.00%;1090;disloy
0;0.00%;1091;killer
0;0.00%;1092;sooner
0;0.00%;1093;nation
0;0.00%;1094;answer
0;0.00%;1095;loneli
0;0.00%;1096;polder
0;0.00%;1097;therebi
0;0.00%;1098;half
0;0.00%;1099;son
0;0.00%;1101;possess
0;0.00%;1102;wont
0;0.00%;1103;term
0;0.00%;1104;organ
0;0.00%;1105;realist
0;0.00%;1106;servant
0;0.00%;1107;stir
0;0.00%;1108;amnesti
0;0.00%;1109;drop
0;0.00%;1111;cerebr
0;0.00%;1112;magazin
0;0.00%;1113;careless
0;0.00%;1114;stockholm
0;0.00%;1115;rock
0;0.00%;1116;januari
0;0.00%;1117;selfesteem
0;0.00%;1118;courag
0;0.00%;1119;replac
0;0.00%;1120;eg
0;0.00%;1121;bookshop
0;0.00%;1122;continu
0;0.00%;1123;year
0;0.00%;1125;happen
0;0.00%;1126;er
0;0.00%;1127;canada
0;0.00%;1128;shown
0;0.00%;1129;accomplish
0;0.00%;1130;space
0;0.00%;1131;profit
0;0.00%;1132;priest
0;0.00%;1133;dutch
0;0.00%;1134;uncl
0;0.00%;1135;correct
0;0.00%;1136;romanc
0;0.00%;1137;unfriendli
0;0.00%;1138;diseas
0;0.00%;1139;monster
0;0.00%;1140;state
0;0.00%;1141;domest
0;0.00%;1142;envelop
0;0.00%;1143;argu
0;0.00%;1144;mime
0;0.00%;1145;romant
0;0.00%;1146;cough
0;0.00%;1147;ambit
0;0.00%;1148;card
0;0.00%;1149;care
0;0.00%;1150;underwear
0;0.00%;1151;departur
0;0.00%;1152;badli
0;0.00%;1153;flare
0;0.00%;1154;refus
0;0.00%;1155;honest
0;0.00%;1156;recov
0;0.00%;1157;thing
0;0.00%;1158;place
0;0.00%;1159;vision
0;0.00%;1160;profess
0;0.00%;1161;nicknam
0;0.00%;1162;childhood
0;0.00%;1163;frequent
0;0.00%;1165;blind
0;0.00%;1166;feign
0;0.00%;1167;suspend
0;0.00%;1168;directli
0;0.00%;1169;carri
0;0.00%;1170;onc
0;0.00%;1171;housekeep
0;0.00%;1172;one
0;0.00%;1173;suspens
0;0.00%;1174;errand
0;0.00%;1175;oppos
0;0.00%;1176;collegu
0;0.00%;1177;ring
0;0.00%;1178;drove
0;0.00%;1179;open
0;0.00%;1180;size
0;0.00%;1181;urin
0;0.00%;1182;sheer
0;0.00%;1183;thoughtless
0;0.00%;1184;sheet
0;0.00%;1185;silent
0;0.00%;1186;teenag
0;0.00%;1187;stuck
0;0.00%;1188;bite
0;0.00%;1189;slept
0;0.00%;1190;fierc
0;0.00%;1191;eachoth
0;0.00%;1192;citi
0;0.00%;1193;silenc
0;0.00%;1194;cumul
0;0.00%;1195;tragic
0;0.00%;1196;averag
0;0.00%;1197;escort
0;0.00%;1198;organizor
0;0.00%;1199;white
0;0.00%;1200;conveni
0;0.00%;1201;melbourn
0;0.00%;1203;hug
0;0.00%;1204;especi
0;0.00%;1205;season
0;0.00%;1206;copi
0;0.00%;1207;broadcast
0;0.00%;1208;short
0;0.00%;1209;enclos
0;0.00%;1210;apolog
0;0.00%;1211;foetu
0;0.00%;1212;butt
0;0.00%;1213;whilst
0;0.00%;1214;attempt
0;0.00%;1215;spoilt
0;0.00%;1216;repress
0;0.00%;1217;boyfriend
0;0.00%;1218;serv
0;0.00%;1219;bewitch
0;0.00%;1220;balanc
0;0.00%;1221;coat
0;0.00%;1222;posit
0;0.00%;1223;nuisanc
0;0.00%;1224;counselor
0;0.00%;1225;tractor
0;0.00%;1226;seri
0;0.00%;1227;prospect
0;0.00%;1229;coconut
0;0.00%;1230;san
0;0.00%;1231;sam
0;0.00%;1232;argument
0;0.00%;1233;alley
0;0.00%;1235;say
0;0.00%;1236;slam
0;0.00%;1237;rent
0;0.00%;1238;deliv
0;0.00%;1240;breakfast
0;0.00%;1241;blunder
0;0.00%;1243;worst
0;0.00%;1244;sat
0;0.00%;1245;caus
0;0.00%;1246;doorbel
0;0.00%;1247;engin
0;0.00%;1248;advic
0;0.00%;1249;babysit
0;0.00%;1250;moreov
0;0.00%;1251;note
0;0.00%;1252;ideal
0;0.00%;1253;take
0;0.00%;1254;advis
0;0.00%;1256;wonder
0;0.00%;1257;noth
0;0.00%;1258;surf
0;0.00%;1259;begin
0;0.00%;1260;sure
0;0.00%;1261;pain
0;0.00%;1262;trace
0;0.00%;1263;normal
0;0.00%;1264;track
0;0.00%;1265;price
0;0.00%;1266;knew
0;0.00%;1267;entranc
0;0.00%;1268;paid
0;0.00%;1269;aloud
0;0.00%;1270;assault
0;0.00%;1271;detect
0;0.00%;1272;abus
0;0.00%;1273;coincid
0;0.00%;1274;knee
0;0.00%;1275;america
0;0.00%;1276;jog
0;0.00%;1277;egg
0;0.00%;1278;adopt
0;0.00%;1279;sale
0;0.00%;1280;tooth
0;0.00%;1281;meanwhil
0;0.00%;1282;hear
0;0.00%;1283;senior
0;0.00%;1284;steadi
0;0.00%;1285;hungri
0;0.00%;1286;uncontrol
0;0.00%;1287;shop
0;0.00%;1288;shot
0;0.00%;1289;interfer
0;0.00%;1290;show
0;0.00%;1291;german
0;0.00%;1292;cowardic
0;0.00%;1293;cheap
0;0.00%;1294;geographi
0;0.00%;1295;bright
0;0.00%;1296;shoe
0;0.00%;1297;permiss
0;0.00%;1298;corner
0;0.00%;1299;pharmacolog
0;0.00%;1300;fifth
0;0.00%;1301;ground
0;0.00%;1302;enthusiast
0;0.00%;1303;onli
0;0.00%;1304;slow
0;0.00%;1305;stair
0;0.00%;1306;favor
0;0.00%;1307;activ
0;0.00%;1308;xma
0;0.00%;1309;crime
0;0.00%;1310;wood
0;0.00%;1312;stain
0;0.00%;1313;trifl
0;0.00%;1315;variou
0;0.00%;1316;get
0;0.00%;1317;somebodi
0;0.00%;1318;secondari
0;0.00%;1319;aim
0;0.00%;1320;cannot
0;0.00%;1321;mope
0;0.00%;1322;stroll
0;0.00%;1323;truli
0;0.00%;1324;reveal
0;0.00%;1325;misbehaviour
0;0.00%;1326;leather
0;0.00%;1327;borrow
0;0.00%;1328;yield
0;0.00%;1329;workmat
0;0.00%;1330;twelv
0;0.00%;1331;organis
0;0.00%;1332;landlord
0;0.00%;1333;bought
0;0.00%;1334;husband
0;0.00%;1335;bulgaria
0;0.00%;1336;skijump
0;0.00%;1337;picnic
0;0.00%;1338;concert
0;0.00%;1339;burst
0;0.00%;1340;surgeri
0;0.00%;1341;questionnair
0;0.00%;1342;conscienc
0;0.00%;1343;seat
0;0.00%;1344;asleep
0;0.00%;1345;reserv
0;0.00%;1346;sport
0;0.00%;1347;concern
0;0.00%;1348;infinit
0;0.00%;1349;hous
0;0.00%;1350;televis
0;0.00%;1351;innoc
0;0.00%;1352;import
0;0.00%;1353;across
0;0.00%;1354;fight
0;0.00%;1355;program
0;0.00%;1356;grandpar
0;0.00%;1357;august
0;0.00%;1358;parent
0;0.00%;1359;harshli
0;0.00%;1360;supermarket
0;0.00%;1361;blame
0;0.00%;1362;cycl
0;0.00%;1363;harrass
0;0.00%;1364;spare
0;0.00%;1365;coma
0;0.00%;1366;come
0;0.00%;1367;reaction
0;0.00%;1368;loudli
0;0.00%;1369;cardriv
0;0.00%;1370;region
0;0.00%;1371;quiet
0;0.00%;1372;contract
0;0.00%;1373;nearbi
0;0.00%;1374;audienc
0;0.00%;1375;tutori
0;0.00%;1376;rugbi
0;0.00%;1377;mani
0;0.00%;1378;starvat
0;0.00%;1379;improp
0;0.00%;1380;lillehamm
0;0.00%;1381;among
0;0.00%;1382;spoil
0;0.00%;1383;panick
0;0.00%;1384;color
0;0.00%;1385;finaci
0;0.00%;1386;inspir
0;0.00%;1387;period
0;0.00%;1388;insist
0;0.00%;1389;exagger
0;0.00%;1390;twin
0;0.00%;1391;differ
0;0.00%;1392;exclud
0;0.00%;1393;cancel
0;0.00%;1394;constant
0;0.00%;1395;boat
0;0.00%;1396;damag
0;0.00%;1397;save
0;0.00%;1398;ultim
0;0.00%;1399;seiz
0;0.00%;1400;coupl
0;0.00%;1401;stretch
0;0.00%;1402;west
0;0.00%;1403;hardli
0;0.00%;1404;suicid
0;0.00%;1405;mark
0;0.00%;1406;breath
0;0.00%;1408;paranorm
0;0.00%;1409;motorbik
0;0.00%;1410;hypocrisi
0;0.00%;1411;wake
0;0.00%;1412;robberi
0;0.00%;1413;instant
0;0.00%;1414;repres
0;0.00%;1415;impati
0;0.00%;1416;former
0;0.00%;1417;robber
0;0.00%;1418;pilot
0;0.00%;1419;sound
0;0.00%;1420;soccer
0;0.00%;1421;thesi
0;0.00%;1422;cash
0;0.00%;1423;trick
0;0.00%;1424;cast
0;0.00%;1425;abscenc
0;0.00%;1426;downstair
0;0.00%;1427;ive
0;0.00%;1428;misbehav
0;0.00%;1429;advantag
0;0.00%;1430;soil
0;0.00%;1431;henc
0;0.00%;1432;convinc
0;0.00%;1433;worri
0;0.00%;1434;bias
0;0.00%;1435;satan
0;0.00%;1436;outrag
0;0.00%;1437;kenya
0;0.00%;1438;pursu
0;0.00%;1439;everyday
0;0.00%;1440;cafe
0;0.00%;1441;develop
0;0.00%;1442;misunderstand
0;0.00%;1443;doctor
0;0.00%;1444;media
0;0.00%;1445;oven
0;0.00%;1446;medic
0;0.00%;1447;cubicl
0;0.00%;1448;econom
0;0.00%;1449;trip
0;0.00%;1450;ethiopia
0;0.00%;1451;inconsist
0;0.00%;1452;speech
0;0.00%;1453;document
0;0.00%;1454;pal
0;0.00%;1455;pan
0;0.00%;1456;week
0;0.00%;1457;finish
0;0.00%;1458;pornograph
0;0.00%;1459;closest
0;0.00%;1460;hunter
0;0.00%;1461;assist
0;0.00%;1462;driver
0;0.00%;1463;someon
0;0.00%;1464;companion
0;0.00%;1465;driven
0;0.00%;1466;capabl
0;0.00%;1467;fruit
0;0.00%;1468;improv
0;0.00%;1469;postpon
0;0.00%;1470;weep
0;0.00%;1471;railway
0;0.00%;1472;appropri
0;0.00%;1473;moder
0;0.00%;1474;reliev
0;0.00%;1475;choos
0;0.00%;1476;justifi
0;0.00%;1477;without
0;0.00%;1478;relief
0;0.00%;1479;vomit
0;0.00%;1480;model
0;0.00%;1481;workplac
0;0.00%;1482;roughli
0;0.00%;1483;scholarship
0;0.00%;1484;taxi
0;0.00%;1485;summer
0;0.00%;1486;outdoor
0;0.00%;1487;violenc
0;0.00%;1488;execut
0;0.00%;1489;money
0;0.00%;1490;compound
0;0.00%;1491;rest
0;0.00%;1492;weekli
0;0.00%;1493;violent
0;0.00%;1494;kill
0;0.00%;1495;aspect
0;0.00%;1496;touch
0;0.00%;1497;n
0;0.00%;1498;speed
0;0.00%;1499;concentr
0;0.00%;1501;europ
0;0.00%;1502;cancer
0;0.00%;1503;hint
0;0.00%;1504;rose
0;0.00%;1505;except
0;0.00%;1506;littl
0;0.00%;1507;ther
0;0.00%;1508;pile
0;0.00%;1509;treatment
0;0.00%;1510;irrespons
0;0.00%;1511;stagnant
0;0.00%;1512;struck
0;0.00%;1513;pill
0;0.00%;1514;swim
0;0.00%;1515;occas
0;0.00%;1516;around
0;0.00%;1517;choic
0;0.00%;1518;read
0;0.00%;1519;rejoin
0;0.00%;1520;delhi
0;0.00%;1521;ladi
0;0.00%;1523;temperatur
0;0.00%;1524;traffic
0;0.00%;1525;spank
0;0.00%;1526;awok
0;0.00%;1527;darl
0;0.00%;1528;world
0;0.00%;1529;rear
0;0.00%;1530;divorc
0;0.00%;1531;duti
0;0.00%;1532;physiotherapi
0;0.00%;1533;towel
0;0.00%;1534;oxygen
0;0.00%;1535;stranger
0;0.00%;1536;postcard
0;0.00%;1537;aunti
0;0.00%;1538;pregnant
0;0.00%;1539;exploit
0;0.00%;1540;benefit
0;0.00%;1541;nose
0;0.00%;1542;prejud
0;0.00%;1543;inter
0;0.00%;1544;manag
0;0.00%;1545;supplementari
0;0.00%;1546;verbal
0;0.00%;1547;doll
0;0.00%;1548;madrid
0;0.00%;1549;muscl
0;0.00%;1550;redtap
0;0.00%;1551;satisfactori
0;0.00%;1552;adequ
0;0.00%;1553;canteen
0;0.00%;1554;racial
0;0.00%;1555;intact
0;0.00%;1556;pregnanc
0;0.00%;1557;mood
0;0.00%;1558;confirm
0;0.00%;1559;tube
0;0.00%;1560;shopkeep
0;0.00%;1561;definit
0;0.00%;1562;legal
0;0.00%;1563;kmh
0;0.00%;1564;throat
0;0.00%;1565;inject
0;0.00%;1566;noisemak
0;0.00%;1567;unbeliev
0;0.00%;1568;complic
0;0.00%;1569;knife
0;0.00%;1570;refer
0;0.00%;1571;uneasi
0;0.00%;1572;power
0;0.00%;1573;sadden
0;0.00%;1575;sixth
0;0.00%;1576;refere
0;0.00%;1577;slaughter
0;0.00%;1578;broken
0;0.00%;1579;fulli
0;0.00%;1580;throw
0;0.00%;1581;stone
0;0.00%;1582;central
0;0.00%;1583;greatli
0;0.00%;1584;oh
0;0.00%;1585;roar
0;0.00%;1586;island
0;0.00%;1587;lector
0;0.00%;1588;meal
0;0.00%;1589;tumor
0;0.00%;1590;degre
0;0.00%;1591;intens
0;0.00%;1592;stand
0;0.00%;1593;neighbor
0;0.00%;1594;act
0;0.00%;1595;stank
0;0.00%;1596;luck
0;0.00%;1598;accredit
0;0.00%;1599;checkup
0;0.00%;1600;outlook
0;0.00%;1601;anybodi
0;0.00%;1602;elementari
0;0.00%;1603;surviv
0;0.00%;1604;nurs
0;0.00%;1605;frieend
0;0.00%;1606;mental
0;0.00%;1607;stare
0;0.00%;1608;fast
0;0.00%;1609;burglar
0;0.00%;1610;weight
0;0.00%;1611;area
0;0.00%;1612;disco
0;0.00%;1613;loo
0;0.00%;1614;accquir
0;0.00%;1615;hed
0;0.00%;1616;start
0;0.00%;1617;starv
0;0.00%;1618;racist
0;0.00%;1619;low
0;0.00%;1620;lot
0;0.00%;1621;strictli
0;0.00%;1622;valley
0;0.00%;1623;bottl
0;0.00%;1624;mistreat
0;0.00%;1626;electr
0;0.00%;1627;younger
0;0.00%;1628;amongst
0;0.00%;1629;terrifi
0;0.00%;1630;categor
0;0.00%;1631;congratul
0;0.00%;1632;pull
0;0.00%;1633;hire
0;0.00%;1635;rage
0;0.00%;1636;biscuit
0;0.00%;1637;bucket
0;0.00%;1638;flirt
0;0.00%;1639;tini
0;0.00%;1640;reprimand
0;0.00%;1641;grass
0;0.00%;1642;outing
0;0.00%;1643;affection
0;0.00%;1644;expect
0;0.00%;1645;aa
0;0.00%;1646;gone
0;0.00%;1647;ad
0;0.00%;1648;fright
0;0.00%;1649;cinema
0;0.00%;1650;civo
0;0.00%;1651;pole
0;0.00%;1652;deer
0;0.00%;1653;deep
0;0.00%;1654;nerv
0;0.00%;1655;strongli
0;0.00%;1656;mainli
0;0.00%;1657;undergon
0;0.00%;1658;decreas
0;0.00%;1659;file
0;0.00%;1660;cultur
0;0.00%;1662;deed
0;0.00%;1663;spite
0;0.00%;1664;rearrang
0;0.00%;1666;fill
0;0.00%;1667;selfish
0;0.00%;1668;collid
0;0.00%;1669;collector
0;0.00%;1670;puppi
0;0.00%;1671;compel
0;0.00%;1672;orient
0;0.00%;1673;tight
0;0.00%;1674;compet
0;0.00%;1675;immens
0;0.00%;1676;biochemistri
0;0.00%;1677;incomprehens
0;0.00%;1678;juic
0;0.00%;1679;poor
0;0.00%;1680;hindranc
0;0.00%;1681;championship
0;0.00%;1682;authoritarian
0;0.00%;1683;seasid
0;0.00%;1684;shelter
0;0.00%;1685;teeth
0;0.00%;1686;drift
0;0.00%;1687;overreact
0;0.00%;1688;briefli
0;0.00%;1689;flower
0;0.00%;1690;grovel
0;0.00%;1691;deceiv
0;0.00%;1692;peac
0;0.00%;1693;pool
0;0.00%;1694;alcohol
0;0.00%;1695;reduc
0;0.00%;1696;neighbour
0;0.00%;1697;videotap
0;0.00%;1698;wife
0;0.00%;1699;mask
0;0.00%;1700;mass
0;0.00%;1701;potenti
0;0.00%;1702;escap
0;0.00%;1703;degrad
0;0.00%;1704;oral
0;0.00%;1705;untidi
0;0.00%;1706;consider
0;0.00%;1707;peolp
0;0.00%;1708;forbidden
0;0.00%;1709;bull
0;0.00%;1710;dollar
0;0.00%;1711;improperli
0;0.00%;1712;abil
0;0.00%;1713;dish
0;0.00%;1714;semest
0;0.00%;1715;princ
0;0.00%;1716;children
0;0.00%;1717;carpet
0;0.00%;1718;overturn
0;0.00%;1719;corps
0;0.00%;1720;auckland
0;0.00%;1721;tv
0;0.00%;1722;articl
0;0.00%;1723;tail
0;0.00%;1724;foster
0;0.00%;1725;humili
0;0.00%;1726;arisen
0;0.00%;1727;th
0;0.00%;1728;smile
0;0.00%;1729;te
0;0.00%;1730;tb
0;0.00%;1731;introduc
0;0.00%;1732;ta
0;0.00%;1733;case
0;0.00%;1734;scout
0;0.00%;1735;woman
0;0.00%;1736;diari
0;0.00%;1737;interf
0;0.00%;1738;song
0;0.00%;1739;fals
0;0.00%;1740;horror
0;0.00%;1741;fat
0;0.00%;1742;roe
0;0.00%;1743;util
0;0.00%;1744;hypocrit
0;0.00%;1745;candid
0;0.00%;1746;mechan
0;0.00%;1747;verg
0;0.00%;1748;fall
0;0.00%;1749;veri
0;0.00%;1750;slipperi
0;0.00%;1751;ticket
0;0.00%;1752;strang
0;0.00%;1753;fourth
0;0.00%;1754;motor
0;0.00%;1755;appart
0;0.00%;1756;colleagu
0;0.00%;1757;signific
0;0.00%;1758;sand
0;0.00%;1759;adjust
0;0.00%;1760;small
0;0.00%;1761;sank
0;0.00%;1762;mile
0;0.00%;1763;ten
0;0.00%;1764;tea
0;0.00%;1765;past
0;0.00%;1766;biolog
0;0.00%;1767;pressur
0;0.00%;1768;design
0;0.00%;1769;unprepar
0;0.00%;1770;lawyer
0;0.00%;1772;howev
0;0.00%;1773;casual
0;0.00%;1774;excit
0;0.00%;1775;sue
0;0.00%;1776;stood
0;0.00%;1777;sun
0;0.00%;1778;section
0;0.00%;1780;abl
0;0.00%;1781;brief
0;0.00%;1782;milk
0;0.00%;1783;crush
0;0.00%;1785;version
0;0.00%;1786;deepli
0;0.00%;1787;mum
0;0.00%;1788;method
0;0.00%;1789;movement
0;0.00%;1790;full
0;0.00%;1791;christian
0;0.00%;1792;rehears
0;0.00%;1793;ballet
0;0.00%;1794;behaviour
0;0.00%;1795;ranger
0;0.00%;1796;busstop
0;0.00%;1797;berkeley
0;0.00%;1798;motorcycl
0;0.00%;1799;goodby
0;0.00%;1800;strong
0;0.00%;1801;valu
0;0.00%;1802;search
0;0.00%;1803;ecstat
0;0.00%;1804;traumat
0;0.00%;1805;ahead
0;0.00%;1806;whine
0;0.00%;1807;brutal
0;0.00%;1808;observ
0;0.00%;1809;prior
0;0.00%;1810;amount
0;0.00%;1811;arent
0;0.00%;1812;social
0;0.00%;1813;action
0;0.00%;1814;narrow
0;0.00%;1815;refriger
0;0.00%;1816;bunk
0;0.00%;1817;medicin
0;0.00%;1818;depart
0;0.00%;1819;declin
0;0.00%;1820;transit
0;0.00%;1821;africa
0;0.00%;1822;sadist
0;0.00%;1823;young
0;0.00%;1824;put
0;0.00%;1825;inappropri
0;0.00%;1826;famili
0;0.00%;1827;suddenli
0;0.00%;1828;establish
0;0.00%;1829;select
0;0.00%;1830;aggress
0;0.00%;1831;eye
0;0.00%;1832;proceed
0;0.00%;1833;distinct
0;0.00%;1834;injuri
0;0.00%;1835;regist
0;0.00%;1836;two
0;0.00%;1837;maltreat
0;0.00%;1838;massag
0;0.00%;1839;splash
0;0.00%;1840;morn
0;0.00%;1841;taken
0;0.00%;1842;inlaw
0;0.00%;1843;kick
0;0.00%;1844;minor
0;0.00%;1845;adjoin
0;0.00%;1846;flat
0;0.00%;1847;bulgarian
0;0.00%;1848;door
0;0.00%;1849;hundr
0;0.00%;1850;hurri
0;0.00%;1851;preciou
0;0.00%;1852;uncov
0;0.00%;1853;classmat
0;0.00%;1854;particular
0;0.00%;1855;known
0;0.00%;1856;compani
0;0.00%;1857;doom
0;0.00%;1859;town
0;0.00%;1860;none
0;0.00%;1861;valuabl
0;0.00%;1862;underw
0;0.00%;1863;citizen
0;0.00%;1864;policemen
0;0.00%;1865;histori
0;0.00%;1866;remain
0;0.00%;1867;sudden
0;0.00%;1868;nine
0;0.00%;1869;learn
0;0.00%;1870;abandon
0;0.00%;1871;fulfil
0;0.00%;1872;male
0;0.00%;1873;disapprov
0;0.00%;1874;explod
0;0.00%;1875;stubborn
0;0.00%;1876;shark
0;0.00%;1877;buis
0;0.00%;1878;challeng
0;0.00%;1879;registr
0;0.00%;1880;share
0;0.00%;1882;firmli
0;0.00%;1883;autumn
0;0.00%;1884;intercours
0;0.00%;1885;compart
0;0.00%;1886;attain
0;0.00%;1887;partner
0;0.00%;1888;sharp
0;0.00%;1889;scar
0;0.00%;1890;dress
0;0.00%;1891;huge
0;0.00%;1892;cours
0;0.00%;1893;court
0;0.00%;1894;untru
0;0.00%;1895;awkward
0;0.00%;1896;secur
0;0.00%;1897;rather
0;0.00%;1898;anoth
0;0.00%;1899;anxiou
0;0.00%;1900;comfort
0;0.00%;1901;environ
0;0.00%;1902;divis
0;0.00%;1903;whhen
0;0.00%;1904;cuddl
0;0.00%;1905;fed
0;0.00%;1906;reject
0;0.00%;1907;simpl
0;0.00%;1908;hopeless
0;0.00%;1909;plant
0;0.00%;1910;shouldnt
0;0.00%;1911;resourc
0;0.00%;1912;rude
0;0.00%;1913;faculti
0;0.00%;1914;sneak
0;0.00%;1915;reflect
0;0.00%;1916;plane
0;0.00%;1917;embrac
0;0.00%;1919;anymor
0;0.00%;1920;pat
0;0.00%;1921;vividli
0;0.00%;1922;associ
0;0.00%;1923;harsh
0;0.00%;1924;circumst
0;0.00%;1925;undergo
0;0.00%;1926;loud
0;0.00%;1927;jiani
0;0.00%;1928;convuls
0;0.00%;1929;overnight
0;0.00%;1930;childishli
0;0.00%;1931;mislead
0;0.00%;1932;dread
0;0.00%;1933;cigarett
0;0.00%;1934;dream
0;0.00%;1935;excurs
0;0.00%;1937;pant
0;0.00%;1938;bowl
0;0.00%;1939;soon
0;0.00%;1940;held
0;0.00%;1941;isnt
0;0.00%;1942;paper
0;0.00%;1943;pane
0;0.00%;1944;hell
0;0.00%;1945;perhap
0;0.00%;1946;suffer
0;0.00%;1947;housemen
0;0.00%;1948;notifi
0;0.00%;1949;obscen
0;0.00%;1950;pray
0;0.00%;1951;convok
0;0.00%;1952;accquaint
0;0.00%;1953;rejoyc
0;0.00%;1954;bypass
0;0.00%;1955;cool
0;0.00%;1956;might
0;0.00%;1957;peni
0;0.00%;1958;phone
0;0.00%;1959;fool
0;0.00%;1960;good
0;0.00%;1961;return
0;0.00%;1962;food
0;0.00%;1963;sentenc
0;0.00%;1964;pollut
0;0.00%;1965;unreal
0;0.00%;1966;ye
0;0.00%;1967;wouldb
0;0.00%;1968;aphasia
0;0.00%;1969;farewel
0;0.00%;1970;foot
0;0.00%;1971;yr
0;0.00%;1972;complain
0;0.00%;1973;bigger
0;0.00%;1974;eventu
0;0.00%;1975;hook
0;0.00%;1976;policeman
0;0.00%;1977;sailor
0;0.00%;1978;bless
0;0.00%;1979;easili
0;0.00%;1980;achiev
0;0.00%;1981;alreadi
0;0.00%;1982;habitu
0;0.00%;1984;found
0;0.00%;1985;reminisc
0;0.00%;1986;ifk
0;0.00%;1987;embarass
0;0.00%;1988;usc
0;0.00%;1989;harm
0;0.00%;1990;england
0;0.00%;1991;restless
0;0.00%;1992;hainburg
0;0.00%;1993;fish
0;0.00%;1994;hard
0;0.00%;1995;idea
0;0.00%;1996;procedur
0;0.00%;1997;realli
0;0.00%;1998;heavi
0;0.00%;1999;oil
0;0.00%;2000;connect
0;0.00%;2001;stabl
0;0.00%;2002;energi
0;0.00%;2003;beyond
0;0.00%;2004;event
0;0.00%;2005;agre
0;0.00%;2006;safeti
0;0.00%;2007;admiss
0;0.00%;2008;item
0;0.00%;2009;childish
0;0.00%;2010;publish
0;0.00%;2011;research
0;0.00%;2012;sustain
0;0.00%;2013;hill
0;0.00%;2014;difficulti
0;0.00%;2015;qualifi
0;0.00%;2016;confidenti
0;0.00%;2017;belief
0;0.00%;2018;dirt
0;0.00%;2019;friday
0;0.00%;2020;suspici
0;0.00%;2021;pub
0;0.00%;2022;pleasant
0;0.00%;2023;reason
0;0.00%;2024;base
0;0.00%;2025;believ
0;0.00%;2026;kamuzu
0;0.00%;2028;teach
0;0.00%;2029;weed
0;0.00%;2030;reproach
0;0.00%;2031;marri
0;0.00%;2032;basi
0;0.00%;2033;thrown
0;0.00%;2034;director
0;0.00%;2035;english
0;0.00%;2036;omit
0;0.00%;2037;success
0;0.00%;2038;struggl
0;0.00%;2039;american
0;0.00%;2040;perman
0;0.00%;2041;threat
0;0.00%;2042;hunger
0;0.00%;2043;pot
0;0.00%;2044;blush
0;0.00%;2045;fallen
0;0.00%;2046;assign
0;0.00%;2047;feed
0;0.00%;2048;intimid
0;0.00%;2049;major
0;0.00%;2050;misl
0;0.00%;2051;dont
0;0.00%;2052;obviou
0;0.00%;2053;upper
0;0.00%;2054;feel
0;0.00%;2055;exchang
0;0.00%;2056;number
0;0.00%;2057;tow
0;0.00%;2058;feet
0;0.00%;2059;elder
0;0.00%;2060;pop
0;0.00%;2061;done
0;0.00%;2062;least
0;0.00%;2063;blank
0;0.00%;2064;horribl
0;0.00%;2065;miss
0;0.00%;2066;blackbeetl
0;0.00%;2067;obligatori
0;0.00%;2068;guess
0;0.00%;2069;guest
0;0.00%;2070;holdiday
0;0.00%;2071;stori
0;0.00%;2072;construct
0;0.00%;2073;paint
0;0.00%;2074;promot
0;0.00%;2075;station
0;0.00%;2076;statement
0;0.00%;2077;twenti
0;0.00%;2078;disagr
0;0.00%;2079;store
0;0.00%;2080;storm
0;0.00%;2082;behind
0;0.00%;2083;bowel
0;0.00%;2084;hotel
0;0.00%;2085;park
0;0.00%;2086;pari
0;0.00%;2087;dentist
0;0.00%;2088;drain
0;0.00%;2089;consult
0;0.00%;2090;rampant
0;0.00%;2091;king
0;0.00%;2092;kind
0;0.00%;2093;grew
0;0.00%;2094;contrari
0;0.00%;2095;whenev
0;0.00%;2096;gotten
0;0.00%;2097;remov
0;0.00%;2098;dans
0;0.00%;2099;grey
0;0.00%;2100;youth
0;0.00%;2101;groceri
0;0.00%;2102;bridg
0;0.00%;2103;arrang
0;0.00%;2104;obstruct
0;0.00%;2105;toward
0;0.00%;2106;danc
0;0.00%;2107;comput
0;0.00%;2108;comrad
0;0.00%;2109;wasnt
0;0.00%;2110;defect
0;0.00%;2111;packag
0;0.00%;2112;bulli
0;0.00%;2113;sell
0;0.00%;2115;built
0;0.00%;2116;zero
0;0.00%;2117;nieghbour
0;0.00%;2118;self
0;0.00%;2119;cave
0;0.00%;2120;troublesom
0;0.00%;2121;client
0;0.00%;2122;also
0;0.00%;2123;unintent
0;0.00%;2124;lip
0;0.00%;2125;useless
0;0.00%;2126;play
0;0.00%;2127;previou
0;0.00%;2128;reach
0;0.00%;2129;react
0;0.00%;2130;charm
0;0.00%;2131;plan
0;0.00%;2132;eaten
0;0.00%;2133;faint
0;0.00%;2134;charg
0;0.00%;2135;reward
0;0.00%;2136;compar
0;0.00%;2137;clear
0;0.00%;2138;cover
0;0.00%;2139;km
0;0.00%;2140;salari
0;0.00%;2141;unwel
0;0.00%;2142;part
0;0.00%;2143;abnorm
0;0.00%;2144;clean
0;0.00%;2145;repli
0;0.00%;2146;latest
0;0.00%;2147;think
0;0.00%;2148;overcam
0;0.00%;2149;ridicul
0;0.00%;2150;gold
0;0.00%;2151;slimi
0;0.00%;2152;ugc
0;0.00%;2153;melodi
0;0.00%;2154;fond
0;0.00%;2155;hadnt
0;0.00%;2156;session
0;0.00%;2157;particularli
0;0.00%;2158;finn
0;0.00%;2159;fine
0;0.00%;2160;find
0;0.00%;2161;unjustli
0;0.00%;2162;pretti
0;0.00%;2163;paranoid
0;0.00%;2164;ruin
0;0.00%;2165;flesh
0;0.00%;2166;solut
0;0.00%;2167;experiment
0;0.00%;2168;knowledg
0;0.00%;2169;betray
0;0.00%;2170;factor
0;0.00%;2171;unhappi
0;0.00%;2172;hit
0;0.00%;2173;headmast
0;0.00%;2174;zambia
0;0.00%;2175;express
0;0.00%;2176;nativ
0;0.00%;2177;b
0;0.00%;2178;exboyfriend
0;0.00%;2179;breast
0;0.00%;2180;theft
0;0.00%;2181;drunkard
0;0.00%;2182;sunni
0;0.00%;2183;impuls
0;0.00%;2184;uncomfort
0;0.00%;2185;antiqu
0;0.00%;2186;enemi
0;0.00%;2187;common
0;0.00%;2188;x
0;0.00%;2189;gospel
0;0.00%;2190;cri
0;0.00%;2191;hinder
0;0.00%;2192;wrote
0;0.00%;2193;certif
0;0.00%;2194;set
0;0.00%;2195;dump
0;0.00%;2196;convict
0;0.00%;2197;overwhelm
0;0.00%;2198;sex
0;0.00%;2199;celebr
0;0.00%;2200;see
0;0.00%;2201;bare
0;0.00%;2202;sea
0;0.00%;2203;polish
0;0.00%;2204;close
0;0.00%;2205;bark
0;0.00%;2206;sek
0;0.00%;2207;outward
0;0.00%;2208;frustat
0;0.00%;2209;shower
0;0.00%;2210;spiritu
0;0.00%;2211;learnt
0;0.00%;2212;matter
0;0.00%;2213;violat
0;0.00%;2214;someth
0;0.00%;2215;grandmoth
0;0.00%;2216;particip
0;0.00%;2218;flame
0;0.00%;2219;experi
0;0.00%;2220;clerk
0;0.00%;2221;compliment
0;0.00%;2222;piss
0;0.00%;2223;blow
0;0.00%;2224;korea
0;0.00%;2225;appreci
0;0.00%;2226;sold
0;0.00%;2227;isol
0;0.00%;2228;abruptli
0;0.00%;2229;succeed
0;0.00%;2230;solv
0;0.00%;2231;nervou
0;0.00%;2232;sceneri
0;0.00%;2233;c
0;0.00%;2234;f
0;0.00%;2235;last
0;0.00%;2236;examinor
0;0.00%;2237;fiance
0;0.00%;2239;foreign
0;0.00%;2241;forgotten
0;0.00%;2242;lash
0;0.00%;2243;fianct
0;0.00%;2244;carniv
0;0.00%;2245;whole
0;0.00%;2246;load
0;0.00%;2247;simpli
0;0.00%;2248;bell
0;0.00%;2249;sweet
0;0.00%;2250;loan
0;0.00%;2251;harbour
0;0.00%;2252;psychiatr
0;0.00%;;
0;0.00%;2254;badminton
0;0.00%;2255;provok
0;0.00%;2256;church
0;0.00%;2257;rave
0;0.00%;2258;mistak
0;0.00%;2259;throughout
0;0.00%;2260;provoc
0;0.00%;2261;belt
0;0.00%;2262;devil
0;0.00%;2263;atmospher
0;0.00%;2264;pt
0;0.00%;2265;stamp
0;0.00%;2266;py
0;0.00%;2267;due
0;0.00%;2268;empti
0;0.00%;2269;implicit
0;0.00%;2270;secret
0;0.00%;2272;homosexu
0;0.00%;2273;woke
0;0.00%;2274;dame
0;0.00%;2275;firm
0;0.00%;2276;sweetheart
0;0.00%;2277;flight
0;0.00%;2278;exercis
0;0.00%;2279;gay
0;0.00%;2280;fire
0;0.00%;2281;infect
0;0.00%;2282;imag
0;0.00%;2283;wet
0;0.00%;2284;convert
0;0.00%;2285;unnecessarili
0;0.00%;2286;fund
0;0.00%;2287;partli
0;0.00%;2288;liver
0;0.00%;2289;demand
0;0.00%;2290;educ
0;0.00%;2291;convers
0;0.00%;2292;stolen
0;0.00%;2293;uncertain
0;0.00%;2294;look
0;0.00%;2295;pedestrian
0;0.00%;2296;ski
0;0.00%;2297;straight
0;0.00%;2298;erron
0;0.00%;2299;durat
0;0.00%;2300;bikini
0;0.00%;2301;ought
0;0.00%;2302;abov
0;0.00%;2303;error
0;0.00%;2304;fun
0;0.00%;2305;loos
0;0.00%;2306;loop
0;0.00%;2307;pack
0;0.00%;2308;prejudic
0;0.00%;2309;real
0;0.00%;2310;readi
0;0.00%;2311;centr
0;0.00%;2312;nitht
0;0.00%;2313;rip
0;0.00%;2314;vow
0;0.00%;2315;centuri
0;0.00%;2316;rid
0;0.00%;2317;vanish
0;0.00%;2318;chase
0;0.00%;2319;irrelev
0;0.00%;2320;shirt
0;0.00%;2321;grant
0;0.00%;2322;belong
0;0.00%;2323;butcher
0;0.00%;2324;shorter
0;0.00%;2325;funni
0;0.00%;2326;miser
0;0.00%;2327;itali
0;0.00%;2328;corridor
0;0.00%;2329;grand
0;0.00%;2330;terrac
0;0.00%;2331;conflict
0;0.00%;2332;higher
0;0.00%;2333;imagin
0;0.00%;2334;unwarr
0;0.00%;2335;yesterday
0;0.00%;2336;inflat
0;0.00%;2337;moment
0;0.00%;2338;user
0;0.00%;2339;dine
0;0.00%;2340;wherev
0;0.00%;2341;timid
0;0.00%;2342;climb
0;0.00%;2343;recent
0;0.00%;2344;lower
0;0.00%;2345;task
0;0.00%;2346;els
0;0.00%;2347;older
0;0.00%;2348;chemistri
0;0.00%;2349;poona
0;0.00%;2350;spent
0;0.00%;2351;person
0;0.00%;2352;cheer
0;0.00%;2353;realiz
0;0.00%;2354;expens
0;0.00%;2355;elev
0;0.00%;2356;grip
0;0.00%;2357;district
0;0.00%;2358;academ
0;0.00%;2359;tast
0;0.00%;2360;spend
0;0.00%;2361;propos
0;0.00%;2362;explan
0;0.00%;2363;exgirlfriend
0;0.00%;2364;openli
0;0.00%;2365;mom
0;0.00%;2366;telegram
0;0.00%;2367;shape
0;0.00%;2368;mob
0;0.00%;2369;regardless
0;0.00%;2370;question
0;0.00%;2371;friendship
0;0.00%;2372;cut
0;0.00%;2373;cup
0;0.00%;2374;persuad
0;0.00%;2375;shortcut
0;0.00%;2376;eager
0;0.00%;2378;dare
0;0.00%;2380;snap
0;0.00%;2381;subsequ
0;0.00%;2382;easter
0;0.00%;2383;build
0;0.00%;2384;bin
0;0.00%;2385;complaint
0;0.00%;2386;australia
0;0.00%;2387;march
0;0.00%;2388;insert
0;0.00%;2389;big
0;0.00%;2390;bureaucrat
0;0.00%;2391;injur
0;0.00%;2392;judgement
0;0.00%;2393;game
0;0.00%;2394;bit
0;0.00%;2395;formal
0;0.00%;2396;insect
0;0.00%;2397;knock
0;0.00%;2398;d
0;0.00%;2399;lifepartn
0;0.00%;2400;resolv
0;0.00%;2401;earthquak
0;0.00%;2402;collect
0;0.00%;2403;princip
0;0.00%;2404;paramilitari
0;0.00%;2405;foolish
0;0.00%;2406;transgress
0;0.00%;2407;encount
0;0.00%;2408;often
0;0.00%;2409;spring
0;0.00%;2410;visibl
0;0.00%;2411;undress
0;0.00%;2412;bach
0;0.00%;2413;understood
0;0.00%;2414;strongest
0;0.00%;2415;sight
0;0.00%;2416;mirror
0;0.00%;2417;surpris
0;0.00%;2418;scale
0;0.00%;2419;chocol
0;0.00%;2420;jokingli
0;0.00%;2421;culprit
0;0.00%;2422;pet
0;0.00%;2423;though
0;0.00%;2424;seller
0;0.00%;2425;religion
0;0.00%;2426;pen
0;0.00%;2427;mathemat
0;0.00%;2428;larg
0;0.00%;2429;slash
0;0.00%;2430;mortuari
0;0.00%;2431;mummi
0;0.00%;2432;veterinari
0;0.00%;2433;either
0;0.00%;2434;machin
0;0.00%;2435;flute
0;0.00%;2436;run
0;0.00%;2437;ba
0;0.00%;2438;squirrel
0;0.00%;2439;rum
0;0.00%;2440;reoccur
0;0.00%;2441;agreement
0;0.00%;2443;step
0;0.00%;2444;meantim
0;0.00%;2445;chairman
0;0.00%;2446;abroad
0;0.00%;2447;shine
0;0.00%;2448;faith
0;0.00%;2449;jealou
0;0.00%;2450;quarel
0;0.00%;2451;wouldnt
0;0.00%;2452;temper
0;0.00%;2453;yearold
0;0.00%;2454;materi
0;0.00%;2455;memori
0;0.00%;2456;matern
0;0.00%;2457;page
0;0.00%;2458;drama
0;0.00%;2459;tie
0;0.00%;2460;idl
0;0.00%;2461;chi
0;0.00%;2462;block
0;0.00%;2463;repair
0;0.00%;2464;miracl
0;0.00%;2466;obstin
0;0.00%;2467;irrit
0;0.00%;2468;hometown
0;0.00%;2469;within
0;0.00%;2470;midterm
0;0.00%;2471;democrat
0;0.00%;2472;furiou
0;0.00%;2473;indira
0;0.00%;2474;lesson
0;0.00%;2475;announc
0;0.00%;2476;occupi
0;0.00%;2477;institut
0;0.00%;2478;oesophagu
0;0.00%;2479;lone
0;0.00%;2481;custom
0;0.00%;2482;camera
0;0.00%;2483;includ
0;0.00%;2484;suit
0;0.00%;2485;forward
0;0.00%;2486;typic
0;0.00%;2487;bsc
0;0.00%;2488;spat
0;0.00%;2489;vienna
0;0.00%;2490;zealand
0;0.00%;2491;properli
0;0.00%;2492;repeatedli
0;0.00%;2493;jewish
0;0.00%;2494;cloth
0;0.00%;2495;translat
0;0.00%;2496;reef
0;0.00%;2497;branch
0;0.00%;2498;russian
0;0.00%;2499;line
0;0.00%;2500;dull
0;0.00%;2501;hair
0;0.00%;2502;skull
0;0.00%;2503;uth
0;0.00%;2504;us
0;0.00%;2505;intim
0;0.00%;2506;slander
0;0.00%;2507;sum
0;0.00%;2508;similar
0;0.00%;2509;curv
0;0.00%;2510;curt
0;0.00%;2511;cathol
0;0.00%;2512;supervisor
0;0.00%;2513;curs
0;0.00%;2514;stick
0;0.00%;2515;reconcili
0;0.00%;2516;lectur
0;0.00%;2517;chap
0;0.00%;2518;cure
0;0.00%;2519;famin
0;0.00%;2520;chat
0;0.00%;2521;home
0;0.00%;2522;doe
0;0.00%;2524;hyena
0;0.00%;2525;nag
0;0.00%;2526;water
0;0.00%;2527;invalid
0;0.00%;2528;club
0;0.00%;2529;nap
0;0.00%;2530;declar
0;0.00%;2531;librari
0;0.00%;2532;mock
0;0.00%;2533;nice
0;0.00%;2534;draw
0;0.00%;2535;trouser
0;0.00%;2536;tongu
0;0.00%;2537;lend
0;0.00%;2538;impress
0;0.00%;2539;athen
0;0.00%;2540;resign
0;0.00%;2541;drag
0;0.00%;2542;cater
0;0.00%;2543;wrongli
0;0.00%;2544;lent
0;0.00%;2545;desert
0;0.00%;2546;deserv
0;0.00%;2547;ago
0;0.00%;2548;lane
0;0.00%;2549;land
0;0.00%;2550;e
0;0.00%;2551;age
0;0.00%;2552;oppress
0;0.00%;2553;discrimin
0;0.00%;2554;involuntarili
0;0.00%;2555;bribe
0;0.00%;2556;fresh
0;0.00%;2557;hello
0;0.00%;2558;essay
0;0.00%;2559;windi
0;0.00%;2560;partial
0;0.00%;2561;examin
0;0.00%;2562;defenceless
0;0.00%;2563;alien
0;0.00%;2564;gang
0;0.00%;2565;ga
0;0.00%;2566;go
0;0.00%;2567;roadsid
0;0.00%;2568;privat
0;0.00%;2569;sensit
0;0.00%;2570;gradmoth
0;0.00%;2571;carelessli
0;0.00%;2572;friendli
0;0.00%;2573;send
0;0.00%;2574;oclock
0;0.00%;2575;bum
0;0.00%;2576;becam
0;0.00%;2577;visitor
0;0.00%;2578;weather
0;0.00%;2579;sens
0;0.00%;2580;airplan
0;0.00%;2581;sent
0;0.00%;2582;pay
0;0.00%;2584;parttim
0;0.00%;2585;garden
0;0.00%;2586;disclos
0;0.00%;2587;wave
0;0.00%;2588;heartattack
0;0.00%;2589;volum
0;0.00%;2591;surgeon
0;0.00%;2592;wipe
0;0.00%;2593;tri
0;0.00%;2594;prefect
0;0.00%;2595;recit
0;0.00%;2596;stiff
0;0.00%;2597;shock
0;0.00%;2598;eve
0;0.00%;2599;race
0;0.00%;2600;havent
0;0.00%;2601;pleas
0;0.00%;2602;vehicl
0;0.00%;2603;impli
0;0.00%;2604;smaller
0;0.00%;2605;fortun
0;0.00%;2606;natur
0;0.00%;2607;jump
0;0.00%;2608;video
0;0.00%;2609;accomod
0;0.00%;2610;reunion
0;0.00%;2611;copenhagen
0;0.00%;2612;odd
0;0.00%;2613;compat
0;0.00%;2614;poke
0;0.00%;2615;rate
0;0.00%;2616;soup
0;0.00%;2617;wore
0;0.00%;2618;worthi
0;0.00%;2619;lolli
0;0.00%;2620;cell
0;0.00%;2622;indian
0;0.00%;2623;indec
0;0.00%;2624;injustic
0;0.00%;2625;bird
0;0.00%;2626;poverti
0;0.00%;2627;chose
0;0.00%;2628;elect
0;0.00%;2629;leg
0;0.00%;2630;ladder
0;0.00%;2631;alcool
0;0.00%;2632;punch
0;0.00%;2633;bodi
0;0.00%;2634;distroy
0;0.00%;2635;let
0;0.00%;2636;sink
0;0.00%;2637;sing
0;0.00%;2638;becom
0;0.00%;2639;sinc
0;0.00%;2640;great
0;0.00%;2641;greas
0;0.00%;2642;vacat
0;0.00%;2643;later
0;0.00%;2644;defeat
0;0.00%;2645;earli
0;0.00%;2647;chang
0;0.00%;2648;chanc
0;0.00%;2649;danger
0;0.00%;2650;forbid
0;0.00%;2651;appli
0;0.00%;2652;disobey
0;0.00%;2653;emot
0;0.00%;2654;disciplin
0;0.00%;2655;apt
0;0.00%;2656;wit
0;0.00%;2657;nijmegen
0;0.00%;2658;mening
0;0.00%;2659;deputi
0;0.00%;2660;limb
0;0.00%;2661;ninth
0;0.00%;2662;wardrob
0;0.00%;2663;use
0;0.00%;2664;fee
0;0.00%;2665;crap
0;0.00%;2666;zip
0;0.00%;2667;commun
0;0.00%;2668;breakup
0;0.00%;2669;doubl
0;0.00%;2670;theme
0;0.00%;2671;frog
0;0.00%;2672;next
0;0.00%;2673;implic
0;0.00%;2674;eleven
0;0.00%;2675;doubt
0;0.00%;2676;crab
0;0.00%;2677;panel
0;0.00%;2678;malawi
0;0.00%;2679;fridg
0;0.00%;2680;sort
0;0.00%;2681;pencil
0;0.00%;2682;clever
0;0.00%;2684;sharpli
0;0.00%;2685;babi
0;0.00%;2686;trait
0;0.00%;2688;sore
0;0.00%;2689;train
0;0.00%;2691;ok
0;0.00%;2692;gambl
0;0.00%;2693;olymp
0;0.00%;2694;women
0;0.00%;2695;annoy
0;0.00%;2696;account
0;0.00%;2697;drawer
0;0.00%;2698;ride
0;0.00%;2699;critic
0;0.00%;2700;pour
0;0.00%;2701;wildest
0;0.00%;2702;obvious
0;0.00%;2703;thin
0;0.00%;2704;smear
0;0.00%;2705;meet
0;0.00%;2706;didnt
0;0.00%;2707;fetch
0;0.00%;2708;aliv
0;0.00%;2709;control
0;0.00%;2710;weaker
0;0.00%;2711;tap
0;0.00%;2712;bent
0;0.00%;2713;patron
0;0.00%;2714;process
0;0.00%;2715;lock
0;0.00%;2716;halloween
0;0.00%;2717;high
0;0.00%;2718;luggag
0;0.00%;2719;downhil
0;0.00%;2720;bend
0;0.00%;2721;slip
0;0.00%;2722;sought
0;0.00%;2723;crimin
0;0.00%;2724;skirt
0;0.00%;2725;serial
0;0.00%;2726;rape
0;0.00%;2727;everywher
0;0.00%;2728;displeasur
0;0.00%;2729;sit
0;0.00%;2730;six
0;0.00%;2731;delay
0;0.00%;2732;lamp
0;0.00%;2733;crutch
0;0.00%;2734;forest
0;0.00%;2735;instead
0;0.00%;2736;panic
0;0.00%;2737;doublecross
0;0.00%;2738;fare
0;0.00%;2739;swedish
0;0.00%;2740;financ
0;0.00%;2741;cupboard
0;0.00%;2742;attend
0;0.00%;2743;farm
0;0.00%;2744;watch
0;0.00%;2745;wristwatch
0;0.00%;2746;surfac
0;0.00%;2747;notebook
0;0.00%;2748;attent
0;0.00%;2749;ethnic
0;0.00%;2750;sutuat
0;0.00%;2751;physic
0;0.00%;2752;villag
0;0.00%;2753;masturb
0;0.00%;2754;honestli
0;0.00%;2755;agricultur
0;0.00%;2756;seriou
0;0.00%;2757;counter
0;0.00%;2758;correspond
0;0.00%;2759;element
0;0.00%;2760;issu
0;0.00%;2761;chief
0;0.00%;2762;allot
0;0.00%;2763;allow
0;0.00%;2764;hid
0;0.00%;2765;catti
0;0.00%;2766;movi
0;0.00%;2767;move
0;0.00%;2768;suvenir
0;0.00%;2769;earth
0;0.00%;2770;perfect
0;0.00%;2771;superior
0;0.00%;2772;la
0;0.00%;2773;chosen
0;0.00%;2774;sunday
0;0.00%;2775;pawpaw
0;0.00%;2776;kindergarten
0;0.00%;2777;unfaith
0;0.00%;2778;youngster
0;0.00%;2779;lp
0;0.00%;2780;therefor
0;0.00%;2781;filthi
0;0.00%;2782;dad
0;0.00%;2783;recept
0;0.00%;2784;microbiolog
0;0.00%;2785;crash
0;0.00%;2786;greater
0;0.00%;2787;handl
0;0.00%;2788;flour
0;0.00%;2789;overal
0;0.00%;2790;flew
0;0.00%;2791;mention
0;0.00%;2792;snake
0;0.00%;2793;kiss
0;0.00%;2794;front
0;0.00%;2795;day
0;0.00%;2796;somewher
0;0.00%;2797;anyth
0;0.00%;2798;tram
0;0.00%;2799;sin
0;0.00%;2800;slide
0;0.00%;2801;tiss
0;0.00%;2802;truth
0;0.00%;2803;disregard
0;0.00%;2804;beneath
0;0.00%;2805;tray
0;0.00%;2806;metr
0;0.00%;2807;societi
0;0.00%;2808;chung
0;0.00%;2809;tension
0;0.00%;2810;bump
0;0.00%;2811;thirteen
0;0.00%;2812;secretari
0;0.00%;2813;sexual
0;0.00%;2814;wander
0;0.00%;2815;unza
0;0.00%;2816;sentiment
0;0.00%;2817;twice
0;0.00%;2818;influenc
0;0.00%;2819;confess
0;0.00%;2820;defenc
0;0.00%;2821;discharg
0;0.00%;2822;secretli
0;0.00%;2823;mate
0;0.00%;2824;freshman
0;0.00%;2825;suitabl
0;0.00%;2826;rel
0;0.00%;2827;wich
0;0.00%;2828;defens
0;0.00%;2829;red
0;0.00%;2830;statist
0;0.00%;2831;franc
0;0.00%;2832;shut
0;0.00%;2833;insid
0;0.00%;2834;southern
0;0.00%;2835;manipul
0;0.00%;2836;leukemia
0;0.00%;2837;parentsinlaw
0;0.00%;2838;york
0;0.00%;2839;advisor
0;0.00%;2840;releas
0;0.00%;2841;embarrass
0;0.00%;2842;likelihood
0;0.00%;2843;bleed
0;0.00%;2844;river
0;0.00%;2845;yard
0;0.00%;2846;g
0;0.00%;2847;unwant
0;0.00%;2848;could
0;0.00%;2849;keep
0;0.00%;2850;keen
0;0.00%;2851;chicken
0;0.00%;2852;stupidli
0;0.00%;2853;outsid
0;0.00%;2854;presid
0;0.00%;2856;south
0;0.00%;2857;unexpectedli
0;0.00%;2858;blown
0;0.00%;2859;tackel
0;0.00%;2860;scene
0;0.00%;2861;cardiac
0;0.00%;2862;eleventh
0;0.00%;2863;owner
0;0.00%;2864;prioriti
0;0.00%;2865;strict
0;0.00%;2866;unknown
0;0.00%;2867;licens
0;0.00%;2868;perfectli
0;0.00%;2869;trembl
0;0.00%;2870;system
0;0.00%;2871;messag
0;0.00%;2872;eighth
0;0.00%;2873;impud
0;0.00%;2874;attack
0;0.00%;2875;misinterpret
0;0.00%;2876;termin
0;0.00%;2877;licenc
0;0.00%;2879;final
0;0.00%;2880;misunderstood
0;0.00%;2881;stomach
0;0.00%;2882;gear
0;0.00%;2883;punish
0;0.00%;2884;negro
0;0.00%;2885;accompani
0;0.00%;2886;exactli
0;0.00%;2887;practic
0;0.00%;2888;photograph
0;0.00%;2890;repuls
0;0.00%;2891;beg
0;0.00%;2892;bed
0;0.00%;2893;shill
0;0.00%;2894;claim
0;0.00%;2895;sweden
0;0.00%;2896;collaps
0;0.00%;2897;lover
0;0.00%;2898;psycholog
0;0.00%;2899;steep
0;0.00%;2900;steer
0;0.00%;2901;exhibit
0;0.00%;2902;function
0;0.00%;2903;beggar
0;0.00%;2904;terribl
0;0.00%;2905;thereaft
0;0.00%;2906;clearli
0;0.00%;2907;buy
0;0.00%;2908;tabl
0;0.00%;2909;need
0;0.00%;2910;offens
0;0.00%;2911;tidi
0;0.00%;2912;cellar
0;0.00%;2914;rout
0;0.00%;2915;mid
0;0.00%;2916;arm
0;0.00%;2917;mix
0;0.00%;2918;unawar
0;0.00%;2919;tactic
0;0.00%;2920;jail
0;0.00%;2921;korean
0;0.00%;2922;soap
0;0.00%;2923;singl
0;0.00%;2924;practis
0;0.00%;2925;twelveth
0;0.00%;2926;led
0;0.00%;2927;preliminari
0;0.00%;2928;petrol
0;0.00%;2929;pakeha
0;0.00%;2930;african
0;0.00%;2931;whi
0;0.00%;2932;discov
0;0.00%;2933;basket
0;0.00%;2934;visa
0;0.00%;2935;eight
0;0.00%;2936;handbag
0;0.00%;2937;highschool
0;0.00%;2938;medal
0;0.00%;2939;class
0;0.00%;2940;grumbl
0;0.00%;2941;stereo
0;0.00%;2942;saddest
0;0.00%;2943;gather
0;0.00%;2944;stronger
0;0.00%;2945;face
0;0.00%;2946;blurt
0;0.00%;2947;deni
0;0.00%;2948;talk
0;0.00%;2949;trampl
0;0.00%;2950;occasion
0;0.00%;2951;skunk
0;0.00%;2952;scrap
0;0.00%;2953;fact
0;0.00%;2954;affair
0;0.00%;2955;niec
0;0.00%;2956;entertain
0;0.00%;2957;mistook
0;0.00%;2958;text
0;0.00%;2959;indoor
0;0.00%;2960;anyway
0;0.00%;2961;brother
0;0.00%;2962;bring
0;0.00%;2963;bedroom
0;0.00%;2964;utter
0;0.00%;2965;rough
0;0.00%;2966;trivial
0;0.00%;2967;staff
0;0.00%;2968;nearer
0;0.00%;2969;footbal
0;0.00%;2970;ear
0;0.00%;2971;bicycl
0;0.00%;2972;nois
0;0.00%;2973;tire
0;0.00%;2974;youngest
0;0.00%;2975;forev
0;0.00%;2976;hyster
0;0.00%;2977;prolong
0;0.00%;2978;gestur
0;0.00%;2979;suppos
0;0.00%;2980;conclus
0;0.00%;2981;misdiagnos
0;0.00%;2982;fuel
0;0.00%;2983;communist
0;0.00%;2984;discontinu
0;0.00%;2985;counsellor
0;0.00%;2986;hope
0;0.00%;2987;meant
0;0.00%;2988;contribut
0;0.00%;2989;satisfact
0;0.00%;2990;beat
0;0.00%;2991;familiar
0;0.00%;2992;disagre
0;0.00%;2993;rush
0;0.00%;2994;passeng
0;0.00%;2995;regularli
0;0.00%;2996;scorn
0;0.00%;2997;graduat
0;0.00%;2998;werent
0;0.00%;2999;increas
0;0.00%;3000;lucki
0;0.00%;3001;smash
0;0.00%;3002;graz
0;0.00%;3003;reluct
0;0.00%;3004;tobacco
0;0.00%;3005;brain
0;0.00%;3006;countrysid
0;0.00%;3007;denmark
0;0.00%;3008;possibl
0;0.00%;3009;summon
0;0.00%;3010;whether
0;0.00%;3011;stuff
0;0.00%;3012;integr
0;0.00%;3013;contain
0;0.00%;3014;shi
0;0.00%;3015;grab
0;0.00%;3016;view
0;0.00%;3017;unimport
0;0.00%;3018;solo
0;0.00%;3019;frame
0;0.00%;3020;funer
0;0.00%;3021;accord
0;0.00%;3022;packet
0;0.00%;3023;immor
0;0.00%;3024;latin
0;0.00%;3025;distract
0;0.00%;3026;bibl
0;0.00%;3027;closer
0;0.00%;3028;statu
0;0.00%;3029;correctli
0;0.00%;3030;reform
0;0.00%;3031;nuclear
0;0.00%;3032;misus
0;0.00%;3033;tend
0;0.00%;3034;icecream
0;0.00%;3035;written
0;0.00%;3036;tyre
0;0.00%;3037;tens
0;0.00%;3038;progress
0;0.00%;3039;neither
0;0.00%;3040;midnight
0;0.00%;3041;tent
0;0.00%;3042;criticis
0;0.00%;3043;exam
0;0.00%;3045;sorrow
0;0.00%;3046;dislik
0;0.00%;3047;goldmed
0;0.00%;3048;job
0;0.00%;3049;entir
0;0.00%;3050;key
0;0.00%;3051;swindl
0;0.00%;3052;group
0;0.00%;3053;addit
0;0.00%;3054;bee
0;0.00%;3055;drum
0;0.00%;3056;career
0;0.00%;3057;joke
0;0.00%;3058;equal
0;0.00%;3059;drug
0;0.00%;3060;powerless
0;0.00%;3061;etc
0;0.00%;3063;instanc
0;0.00%;3064;admir
0;0.00%;3065;committe
0;0.00%;3066;freeli
0;0.00%;3067;jersey
0;0.00%;3068;comment
0;0.00%;3069;co
0;0.00%;3070;author
0;0.00%;3071;toilet
0;0.00%;3072;wall
0;0.00%;3073;tuesday
0;0.00%;3074;arriv
0;0.00%;3075;walk
0;0.00%;3076;ucb
0;0.00%;3077;laugh
0;0.00%;3078;cousin
0;0.00%;3079;cs
0;0.00%;3080;respect
0;0.00%;3081;maiz
0;0.00%;3082;withdrawn
0;0.00%;3083;unclean
0;0.00%;3084;poem
0;0.00%;3085;slowli
0;0.00%;3086;creat
0;0.00%;3087;platform
0;0.00%;3088;decent
0;0.00%;3089;obstacl
0;0.00%;3091;tutor
0;0.00%;3092;drank
0;0.00%;3093;besid
0;0.00%;3094;treat
0;0.00%;3095;certain
0;0.00%;3096;immedi
0;0.00%;3097;cheek
0;0.00%;3098;field
0;0.00%;3099;presenc
0;0.00%;3100;discuss
0;0.00%;3101;deliber
0;0.00%;3102;togeth
0;0.00%;3103;gottenburg
0;0.00%;3104;hamburg
0;0.00%;3105;ador
0;0.00%;3106;furnitur
0;0.00%;3107;fellow
0;0.00%;3108;spain
0;0.00%;3109;holiday
0;0.00%;3110;carefre
0;0.00%;3111;plain
0;0.00%;3112;nd
0;0.00%;3113;harder
0;0.00%;3114;unpass
0;0.00%;3115;wild
0;0.00%;3116;adolesc
0;0.00%;3117;motherinlaw
0;0.00%;3118;purchas
0;0.00%;3119;engag
0;0.00%;3120;adulteri
0;0.00%;3121;almost
0;0.00%;3122;oversea
0;0.00%;3123;site
0;0.00%;3124;motiv
0;0.00%;3125;thug
0;0.00%;3126;incom
0;0.00%;3127;scienc
0;0.00%;3129;welcom
0;0.00%;3130;parti
0;0.00%;3131;began
0;0.00%;3132;cross
0;0.00%;3133;member
0;0.00%;3134;underground
0;0.00%;3135;difficult
0;0.00%;3136;competit
0;0.00%;3137;prais
0;0.00%;3138;ball
0;0.00%;3139;structur
0;0.00%;3140;drink
0;0.00%;3141;upon
0;0.00%;3142;effect
0;0.00%;3143;coffe
0;0.00%;3144;sauna
0;0.00%;3145;initi
0;0.00%;3146;student
0;0.00%;3147;uni
0;0.00%;3148;judgment
0;0.00%;3149;gutter
0;0.00%;3150;center
0;0.00%;3151;lunch
0;0.00%;3152;nevertheless
0;0.00%;3153;shotgun
0;0.00%;3154;colour
0;0.00%;3155;pickpocket
0;0.00%;3156;well
0;0.00%;3157;thought
0;0.00%;3158;exampl
0;0.00%;3159;command
0;0.00%;3160;personnel
0;0.00%;3161;sibl
0;0.00%;3162;usual
0;0.00%;3163;distanc
0;0.00%;3164;mangwana
0;0.00%;3165;less
0;0.00%;3166;sofia
0;0.00%;3167;obtain
0;0.00%;3168;gun
0;0.00%;3169;clinic
0;0.00%;3170;distant
0;0.00%;3171;heavili
0;0.00%;3172;episod
0;0.00%;3173;wed
0;0.00%;3174;reprehend
0;0.00%;3175;point
0;0.00%;3176;lake
0;0.00%;3177;bench
0;0.00%;3178;arrest
0;0.00%;3179;crack
0;0.00%;3180;headmistress
0;0.00%;3181;tax
0;0.00%;3182;scoundrel
0;0.00%;3183;match
0;0.00%;3184;futur
0;0.00%;3185;confront
0;0.00%;3186;sick
0;0.00%;3187;fate
0;0.00%;3188;piec
0;0.00%;3189;assert
0;0.00%;3190;lilongw
0;0.00%;3191;discothequ
0;0.00%;3192;five
0;0.00%;3193;know
0;0.00%;3194;burden
0;0.00%;3195;desk
0;0.00%;3196;press
0;0.00%;3197;realis
0;0.00%;3198;name
0;0.00%;3199;loss
0;0.00%;3200;resid
0;0.00%;3201;like
0;0.00%;3202;lost
0;0.00%;3203;incred
0;0.00%;3204;sofa
0;0.00%;3205;fractur
0;0.00%;3206;clown
0;0.00%;3207;crise
0;0.00%;3208;necessari
0;0.00%;3209;lose
0;0.00%;3210;neuropsycholog
0;0.00%;3211;soft
0;0.00%;3212;crisi
0;0.00%;3213;italian
0;0.00%;3214;shed
0;0.00%;3215;revers
0;0.00%;3216;suppli
0;0.00%;3217;thief
0;0.00%;3218;intoler
0;0.00%;3219;daylight
0;0.00%;3220;contin
0;0.00%;3221;shabbi
0;0.00%;3222;convey
0;0.00%;3223;flush
0;0.00%;3224;proper
0;0.00%;3225;genuin
0;0.00%;3226;thiev
0;0.00%;3227;transport
0;0.00%;3228;oneself
0;0.00%;3229;trust
0;0.00%;3230;leaf
0;0.00%;3231;unsavouri
0;0.00%;3232;lead
0;0.00%;3233;broad
0;0.00%;3234;avoid
0;0.00%;3235;lean
0;0.00%;3236;asthma
0;0.00%;3237;estim
0;0.00%;3238;passion
0;0.00%;3239;settl
0;0.00%;3240;disbeliev
0;0.00%;3241;nake
0;0.00%;3243;stairway
0;0.00%;3244;encourag
0;0.00%;3245;investig
0;0.00%;3246;obey
0;0.00%;3247;slight
0;0.00%;3248;spaulo
0;0.00%;3249;journal
0;0.00%;3250;noisi
0;0.00%;3251;host
0;0.00%;3252;unsuccess
0;0.00%;3253;although
0;0.00%;3254;refuge
0;0.00%;3255;stage
0;0.00%;3256;sister
0;0.00%;3257;quarter
0;0.00%;3258;actual
0;0.00%;3259;interven
0;0.00%;3260;column
0;0.00%;3261;freedom
0;0.00%;3262;withdrew
0;0.00%;3263;nonsens
0;0.00%;3264;documentari
0;0.00%;3265;justif
0;0.00%;3267;swear
0;0.00%;3268;indiffer
0;0.00%;3269;desper
0;0.00%;3270;absolut
0;0.00%;3271;tortur
0;0.00%;3272;assess
0;0.00%;3273;chronic
0;0.00%;3274;guard
0;0.00%;3275;doesnt
0;0.00%;3276;lung
0;0.00%;3277;esteem
0;0.00%;3278;awhil
0;0.00%;3279;couldnt
0;0.00%;3280;bombay
0;0.00%;3281;invad
0;0.00%;3282;van
0;0.00%;3283;pictur
0;0.00%;3284;transfer
0;0.00%;3285;intellig
0;0.00%;3286;misjudg
0;0.00%;3287;appl
0;0.00%;3288;hassl
0;0.00%;3289;cowork
0;0.00%;3290;individu
0;0.00%;3291;deliveri
0;0.00%;3292;appoint
0;0.00%;3293;cricket
0;0.00%;3294;maori
0;0.00%;3295;north
0;0.00%;3296;interest
0;0.00%;3297;unexpect
0;0.00%;3298;granni
0;0.00%;3299;shyness
0;0.00%;3300;hk
0;0.00%;3301;hi
0;0.00%;3302;bun
0;0.00%;3303;gain
0;0.00%;3304;whistl
0;0.00%;3305;overflow
0;0.00%;3306;highest
0;0.00%;3308;count
0;0.00%;3309;made
0;0.00%;3310;puddl
0;0.00%;3311;vigor
0;0.00%;3312;wish
0;0.00%;3313;troubl
0;0.00%;3314;record
0;0.00%;3315;cruel
0;0.00%;3316;belov
0;0.00%;3317;limit
0;0.00%;3318;indefinit
0;0.00%;3319;cake
0;0.00%;3320;otherwis
0;0.00%;3321;problem
0;0.00%;3322;quickli
0;0.00%;3323;display
0;0.00%;3324;subordin
0;0.00%;3325;reciproc
0;0.00%;3326;immobil
0;0.00%;3327;evalu
0;0.00%;3328;descript
0;0.00%;3329;dure
0;0.00%;3330;meaningless
0;0.00%;3331;pig
0;0.00%;3332;twist
0;0.00%;3333;novemb
0;0.00%;3334;inn
0;0.00%;3335;circul
0;0.00%;3336;pit
0;0.00%;3337;girl
0;0.00%;3338;probabl
0;0.00%;3339;mutual
0;0.00%;3340;torch
0;0.00%;3341;contest
0;0.00%;3342;guidanc
0;0.00%;3343;detail
0;0.00%;3344;detain
0;0.00%;3345;saviour
0;0.00%;3346;book
0;0.00%;3347;gossip
0;0.00%;3348;special
0;0.00%;3349;rememb
0;0.00%;3350;wing
0;0.00%;3351;expel
0;0.00%;3352;chemist
0;0.00%;3353;pupil
0;0.00%;3354;junk
0;0.00%;3355;repeat
0;0.00%;3356;star
0;0.00%;3357;monday
0;0.00%;3358;forgiv
0;0.00%;3359;stay
0;0.00%;3360;stab
0;0.00%;3361;yell
0;0.00%;3362;basketbal
0;0.00%;3363;cliff
0;0.00%;3364;ghost
0;0.00%;3365;spectacl
0;0.00%;3366;experienc
0;0.00%;3367;opera
0;0.00%;3368;incompet
0;0.00%;3369;rule
0;0.00%;3370;emerg
0;0.00%;3371;pension
0;0.00%;3372;understand
0;0.00%;3373;decemb
0;0.00%;3374;defend
0;0.00%;3375;sincer
